title, genres, year, rating
There Will Be Blood,Drama|Western,2007,3.5
Ip Man,Action|Drama|War,2008,3.5
Munich,Action|Crime|Drama|Thriller,2005,4
Mulholland Drive,Crime|Drama|Film-Noir|Mystery|Thriller,2001,4
Hard Candy,Drama|Thriller,2005,2
Final Fantasy: The Spirits Within,Adventure|Animation|Fantasy|Sci-Fi,2001,3
RV,Adventure|Children|Comedy,2006,1
From Hell,Crime|Horror|Mystery|Thriller,2001,3.5
Clerks II,Comedy,2006,2.5
K-PAX,Drama|Fantasy|Mystery|Sci-Fi,2001,3.5
Babel,Drama|Thriller,2006,4
Man Without a Past,Comedy|Crime|Drama,2002,4.5
I Heart Huckabees,Comedy,2004,2.5
Donnie Darko,Drama|Mystery|Sci-Fi|Thriller,2001,3.5
The Queen,Drama,2006,2.5
Monsters,Adventure|Animation|Children|Comedy|Fantasy,2001,3.5
Running With Scissors,Comedy|Drama,2006,3.5
Life Aquatic with Steve Zissou,Adventure|Comedy|Fantasy,2004,4
Ocean's Eleven,Crime|Thriller,2001,3.5
Black Snake Moan,Drama,2006,3
Scott Pilgrim vs. the World,Action|Comedy|Fantasy|Musical|Romance,2010,4
Lord of the Rings: The Fellowship of the Ring,Adventure|Fantasy,2001,4
Blow,Crime|Drama,2001,3.5
Drive,Crime|Drama|Film-Noir|Thriller,2011,3
Paprika (Papurika),Animation|Mystery|Sci-Fi,2006,3
Shrek,Adventure|Animation|Children|Comedy|Fantasy|Romance,2001,2
Spirited Away (Sen to Chihiro no kamikakushi),Adventure|Animation|Fantasy,2001,4.5
Beautiful Mind,Drama|Romance,2001,4
Freddy Got Fingered,Comedy,2001,3.5
School of Rock,Comedy|Musical,2003,2.5
Jonestown: The Life and Death of Peoples Temple,Documentary,2006,4
Resident Evil,Action|Horror|Sci-Fi|Thriller,2002,1
Lara Croft: Tomb Raider,Action|Adventure,2001,1.5
Ghost in the Shell 2: Innocence (a.k.a. Innocence) (Inosensu),Action|Animation|Drama|Sci-Fi|Thriller,2004,3.5
The Butterfly Effect,Drama|Sci-Fi|Thriller,2004,2
Spider-Man,Action|Adventure|Sci-Fi|Thriller,2002,3
Grizzly Man,Documentary,2005,4
Pearl Harbor,Action|Drama|Romance|War,2001,1
Star Wars: Episode II - Attack of the Clones,Action|Adventure|Sci-Fi|IMAX,2002,2
Final Fantasy VII: Advent Children,Action|Adventure|Animation|Fantasy|Sci-Fi,2004,2.5
Minority Report,Action|Crime|Mystery|Sci-Fi|Thriller,2002,3
Saw,Horror|Mystery|Thriller,2004,3
Lord of the Rings: The Two Towers,Adventure|Fantasy,2002,3.5
Ocean's Twelve,Action|Comedy|Crime|Thriller,2004,3
City of God (Cidade de Deus),Action|Adventure|Crime|Drama|Thriller,2002,4
Charlie and the Chocolate Factory,Adventure|Children|Comedy|Fantasy|IMAX,2005,1
X-Men: The Last Stand,Action|Sci-Fi|Thriller,2006,3
Sum of All Fears,Drama|Thriller,2002,3
Cowboy Bebop: The Movie (Cowboy Bebop: Tengoku no Tobira),Action|Animation|Sci-Fi|Thriller,2001,3.5
Bourne Identity,Action|Mystery|Thriller,2002,3
Jeepers Creepers,Horror,2001,1
Minority Report,Action|Crime|Mystery|Sci-Fi|Thriller,2002,4
12:08 East of Bucharest (A fost sau n-a fost?),Comedy|Drama,2006,3.5
Maria Full of Grace (Maria,Crime|Drama,2004,3
Men in Black II (a.k.a. MIIB) (a.k.a. MIB 2),Action|Comedy|Sci-Fi,2002,3
X2: X-Men United,Action|Adventure|Sci-Fi|Thriller,2003,3
Frida,Drama|Romance,2002,4
Road to Perdition,Crime|Drama,2002,4
Brokeback Mountain,Drama|Romance,2005,4
Matrix Reloaded,Action|Adventure|Sci-Fi|Thriller|IMAX,2003,3
Saw II,Horror|Thriller,2005,3
Control,Drama,2007,4
Superman Returns,Action|Adventure|Sci-Fi|IMAX,2006,3
Pirates of the Caribbean: Dead Man's Chest,Action|Adventure|Fantasy,2006,0.5
Final Fantasy: The Spirits Within,Adventure|Animation|Fantasy|Sci-Fi,2001,3.5
Wind That Shakes the Barley,Drama|War,2006,4
Kill Bill: Vol. 1,Action|Crime|Thriller,2003,4
Solaris,Drama|Romance|Sci-Fi,2002,3
Lars and the Real Girl,Comedy|Drama,2007,3.5
Let the Right One In (Låt den rätte komma in),Drama|Fantasy|Horror|Romance,2008,4
40-Year-Old Virgin,Comedy|Romance,2005,2.5
Zoolander,Comedy,2001,2.5
Austin Powers in Goldmember,Comedy,2002,3
Signs,Horror|Sci-Fi|Thriller,2002,3
Waking Life,Animation|Drama|Fantasy,2001,1.5
Spirited Away (Sen to Chihiro no kamikakushi),Adventure|Animation|Fantasy,2001,4
Matrix Revolutions,Action|Adventure|Sci-Fi|Thriller|IMAX,2003,2.5
Man Who Wasn't There,Crime|Drama,2001,3
Planet of the Apes,Action|Adventure|Drama|Sci-Fi,2001,3.5
The Butterfly Effect,Drama|Sci-Fi|Thriller,2004,4
American Pie 2,Comedy,2001,0.5
Crash,Crime|Drama,2004,2
Starsky & Hutch,Action|Comedy|Crime|Thriller,2004,4
40-Year-Old Virgin,Comedy|Romance,2005,3
Sophie Scholl: The Final Days (Sophie Scholl - Die letzten Tage),Drama|War,2005,4
Ratatouille,Animation|Children|Drama,2007,4
Tony Takitani,Drama,2004,4
Dark Knight,Action|Crime|Drama|IMAX,2008,4
Lights in the Dusk (Laitakaupungin valot),Crime|Drama,2006,2
Iron Man,Action|Adventure|Sci-Fi,2008,4
Hero (Ying xiong),Action|Adventure|Drama,2002,2
Talladega Nights: The Ballad of Ricky Bobby,Action|Comedy,2006,2.5
Changing Lanes,Drama|Thriller,2002,3
WALL·E,Adventure|Animation|Children|Romance|Sci-Fi,2008,4
Renaissance,Action|Animation|Film-Noir|Sci-Fi|Thriller,2006,3
Jay and Silent Bob Strike Back,Adventure|Comedy,2001,2
Candy,Drama|Romance,2006,4
Pride & Prejudice,Drama|Romance,2005,3
Orange County,Comedy,2002,2
Dreamers,Drama,2003,4
In the Bedroom,Drama,2001,2
Metropolis,Animation|Sci-Fi,2001,3.5
Capturing the Friedmans,Documentary,2003,4
Die Another Day,Action|Adventure|Thriller,2002,3
Look of Silence,Documentary,2014,5
Quiet American,Drama|Thriller|War,2002,4
Judge,Drama,2014,3
Equilibrium,Action|Sci-Fi|Thriller,2002,2
Rat Race,Comedy,2001,1
Clouds of Sils Maria,Drama,2014,4
About Schmidt,Comedy|Drama,2002,3
Black Panther,Action|Adventure|Sci-Fi,2017,3
Lord of the Rings: The Two Towers,Adventure|Fantasy,2002,4
Far from Heaven,Drama|Romance,2002,3
Shipping News,Drama,2001,4
25th Hour,Crime|Drama,2002,5
Team America: World Police,Action|Adventure|Animation|Comedy,2004,4
Changeling,Crime|Drama|Mystery,2008,3
Gangs of New York,Crime|Drama,2002,4
Control,Drama,2007,2
Snakes on a Plane,Action|Comedy|Horror|Thriller,2006,4
Milk,Drama,2008,3
Fountain,Drama|Fantasy|Romance,2006,1
Valkyrie,Drama|Thriller|War,2008,4
Fish Tank,Drama,2009,5
Borat: Cultural Learnings of America for Make Benefit Glorious Nation of Kazakhstan,Comedy,2006,3
Get Him to the Greek,Comedy,2010,1
August Rush,Drama|Musical,2007,1
Iron Man 2,Action|Adventure|Sci-Fi|Thriller|IMAX,2010,4
Déjà Vu (Deja Vu),Action|Sci-Fi|Thriller,2006,3
Southland Tales,Comedy|Drama|Sci-Fi|Thriller,2006,5
Enter the Void,Drama,2009,2
And Your Mother Too (Y tu mamá también),Drama|Romance,2001,3.5
Narc,Crime|Drama|Thriller,2002,4
Infidel,Comedy,2010,2
Importance of Being Earnest,Comedy|Drama|Romance,2002,4
Catch Me If You Can,Crime|Drama,2002,4
Melancholia,Drama|Sci-Fi,2011,4
Confessions of a Dangerous Mind,Comedy|Crime|Drama|Thriller,2002,3
Martha Marcy May Marlene,Drama|Thriller,2011,3
City of God (Cidade de Deus),Action|Adventure|Crime|Drama|Thriller,2002,4
Lost in Translation,Comedy|Drama|Romance,2003,4
Recruit,Action|Thriller,2003,3
Mean Girls,Comedy,2004,3
Old School,Comedy,2003,2
Notebook,Drama|Romance,2004,2
X2: X-Men United,Action|Adventure|Sci-Fi|Thriller,2003,3
Birdman: Or (The Unexpected Virtue of Ignorance),Comedy|Drama,2014,4
Walk the Line,Drama|Musical|Romance,2005,4
America's Sweethearts,Comedy|Romance,2001,2
Pledge,Crime|Drama|Mystery|Thriller,2001,3
Dish,Comedy,2001,3
Untitled Spider-Man Reboot,Action|Adventure|Fantasy,2017,3
Master and Commander: The Far Side of the World,Adventure|Drama|War,2003,3
Trapped,Action|Thriller,2002,2.5
Gosford Park,Comedy|Drama|Mystery,2001,3
Million Dollar Hotel,Drama|Mystery|Romance,2001,3
Brooklyn,Drama|Romance,2015,4
21 Grams,Crime|Drama|Mystery|Romance|Thriller,2003,4
Mistress America,Comedy,2015,3
Dawn of the Dead,Action|Drama|Horror|Thriller,2004,3
45 Years,Drama,2015,3
Tailor of Panama,Drama|Thriller,2001,3
Carandiru,Crime|Drama,2003,4
Victoria,Crime|Drama|Romance,2015,4
Blind Swordsman: Zatoichi,Action|Comedy|Crime|Drama,2003,4
Thirteen Ghosts (a.k.a. Thir13en Ghosts),Horror|Thriller,2001,2
Sky Captain and the World of Tomorrow,Action|Adventure|Sci-Fi,2004,2
Novocaine,Comedy|Crime|Mystery|Thriller,2001,2
Kinsey,Drama,2004,3
Dragonfly,Drama|Fantasy|Mystery|Romance|Thriller,2002,3
Finding Neverland,Drama,2004,3
Simone (S1m0ne),Comedy|Drama|Fantasy|Sci-Fi,2002,0.5
Conspiracy,Drama|War,2001,4
Lemony Snicket's A Series of Unfortunate Events,Adventure|Children|Comedy|Fantasy,2004,4
Aviator,Drama,2004,3
Kingdom of Heaven,Action|Drama|Romance|War,2005,3
Majestic,Comedy|Drama|Romance,2001,4
Constant Gardener,Drama|Thriller,2005,2
Proof,Drama,2005,4
Capote,Crime|Drama,2005,4
Heartbreakers,Comedy|Crime|Romance,2001,3
Good Night,Crime|Drama,2005,4
Wolf Creek,Crime|Horror|Thriller,2005,1
World's Fastest Indian,Drama,2005,3
Good Shepherd,Drama|Thriller,2006,3
Vie en Rose,Drama|Musical,2007,4
Shoot 'Em Up,Action|Comedy|Crime,2007,2
Michael Clayton,Drama|Thriller,2007,4
Before the Devil Knows You're Dead,Crime|Drama|Thriller,2007,4
Hunger,Drama,2008,5
Che: Part One,Drama|War,2008,4
Terminator Salvation,Action|Adventure|Sci-Fi|Thriller,2009,3
Tron: Legacy,Action|Adventure|Sci-Fi|IMAX,2010,3
Unknown,Drama|Mystery|Thriller,2011,3
Jeepers Creepers,Horror,2001,2
Green Lantern,Action|Adventure|Sci-Fi,2011,2
Zoolander,Comedy,2001,3
Your Highness,Action|Adventure|Comedy|Fantasy,2011,3
Man Who Wasn't There,Crime|Drama,2001,3
Captain America: The First Avenger,Action|Adventure|Sci-Fi|Thriller|War,2011,2
Tinker Tailor Soldier Spy,Drama|Film-Noir|Thriller,2011,4
Iron Sky,Action|Comedy|Sci-Fi,2012,3
Series 7: The Contenders,Action|Drama,2001,4
Samsara,Documentary,2011,4
Cloud Atlas,Drama|Sci-Fi|IMAX,2012,4
Elysium,Action|Drama|Sci-Fi|IMAX,2013,2
Fury,Action|Drama|War,2014,4
Lantana,Drama|Mystery|Thriller,2001,4
Das Experiment (Experiment,Drama|Thriller,2001,4
Very Long Engagement,Drama|Mystery|Romance|War,2004,3
Bridget Jones's Diary,Comedy|Drama|Romance,2001,1.5
Flightplan,Action|Drama|Thriller,2005,3
Mummy Returns,Action|Adventure|Comedy|Thriller,2001,2.5
Painted Veil,Drama|Romance,2006,3
Shrek,Adventure|Animation|Children|Comedy|Fantasy|Romance,2001,3
Boy A,Crime|Drama,2007,4
Jurassic Park III,Action|Adventure|Sci-Fi|Thriller,2001,1.5
Reader,Drama|Romance,2008,3
Planet of the Apes,Action|Adventure|Drama|Sci-Fi,2001,2.5
Baader Meinhof Komplex,Action|Crime|Drama|Thriller,2008,4
Donnie Darko,Drama|Mystery|Sci-Fi|Thriller,2001,4
Panic Room,Thriller,2002,2
Monsters,Adventure|Animation|Children|Comedy|Fantasy,2001,2.5
No Such Thing,Drama|Fantasy|Romance,2001,2
Ocean's Eleven,Crime|Thriller,2001,2
Cars,Animation|Children|Comedy,2006,1
Frailty,Crime|Drama|Thriller,2001,3.5
Child,Crime|Drama,2005,4
Training Day,Crime|Drama|Thriller,2001,2.5
Ratatouille,Animation|Children|Drama,2007,1
Inglourious Basterds,Action|Drama|War,2009,4
Unfaithful,Drama|Thriller,2002,3
Science of Sleep,Comedy|Drama|Fantasy|Romance,2006,4
United 93,Crime|Drama,2006,4
Descent,Adventure|Drama|Horror|Thriller,2005,2.5
Mr. Deeds,Comedy|Romance,2002,1
21 Grams,Crime|Drama|Mystery|Romance|Thriller,2003,3.5
Cat's Meow,Drama|Thriller,2002,2
Enemy at the Gates,Drama|War,2001,4
Believer,Drama,2001,2
Blow,Crime|Drama,2001,4
Bridget Jones's Diary,Comedy|Drama|Romance,2001,3
Spirited Away (Sen to Chihiro no kamikakushi),Adventure|Animation|Fantasy,2001,4.5
Knocked Up,Comedy|Drama|Romance,2007,2
Shrek,Adventure|Animation|Children|Comedy|Fantasy|Romance,2001,4
Thirteen Conversations About One Thing (a.k.a. 13 Conversations),Drama,2001,3
Moulin Rouge,Drama|Musical|Romance,2001,4
Four Feathers,Adventure|War,2002,3
Final Fantasy: The Spirits Within,Adventure|Animation|Fantasy|Sci-Fi,2001,4
Noah,Adventure|Drama|IMAX,2014,3
Score,Action|Drama,2001,3
Life of David Gale,Crime|Drama|Thriller,2003,3.5
36 Quai des Orfèvres (Department 36),Action|Crime|Drama|Thriller,2004,3
Time to Leave,Drama,2005,4
Dark Knight,Action|Crime|Drama|IMAX,2008,3
Mist,Horror|Sci-Fi,2007,3.5
Inland Empire,Drama|Mystery|Thriller,2006,4
Up,Adventure|Animation|Children|Drama,2009,4
Lord of the Rings: The Fellowship of the Ring,Adventure|Fantasy,2001,2.5
Tales from Earthsea (Gedo Senki),Adventure|Animation|Fantasy,2006,2
Toy Story 3,Adventure|Animation|Children|Comedy|Fantasy|IMAX,2010,4
Death Proof,Action|Adventure|Crime|Horror|Thriller,2007,3
Panic Room,Thriller,2002,3
Inception,Action|Crime|Drama|Mystery|Sci-Fi|Thriller|IMAX,2010,4
In the Loop,Comedy,2009,4
Ghost Ship,Horror,2002,1.5
Black Swan,Drama|Thriller,2010,4
Gunman,Action|Thriller,2015,3
Broken Embraces (Los abrazos rotos),Drama|Romance|Thriller,2009,4
Pledge,Crime|Drama|Mystery|Thriller,2001,3
King's Speech,Drama,2010,3
Lantana,Drama|Mystery|Thriller,2001,4
Prophet,Crime|Drama,2009,4
Million Dollar Hotel,Drama|Mystery|Romance,2001,3
Elite Squad: The Enemy Within (Tropa de Elite 2 - O Inimigo Agora É Outro),Action|Crime|Drama,2010,3
Edge of Darkness,Drama|Thriller,2010,3
Piano Teacher,Drama,2001,3.5
Midnight in Paris,Comedy|Fantasy|Romance,2011,3
Hannibal,Horror|Thriller,2001,3.5
3-Iron (Bin-jip),Drama|Romance,2004,3.5
Sunshine,Adventure|Drama|Sci-Fi|Thriller,2007,3
Perfume: The Story of a Murderer,Crime|Drama|Thriller,2006,3
Big Fish,Drama|Fantasy|Romance,2003,3
Lord of the Rings: The Return of the King,Action|Adventure|Drama|Fantasy,2003,3.5
Captain America: Civil War,Action|Sci-Fi|Thriller,2016,3
(500) Days of Summer,Comedy|Drama|Romance,2009,4
Matrix Reloaded,Action|Adventure|Sci-Fi|Thriller|IMAX,2003,3
Antitrust,Crime|Drama|Thriller,2001,2
Avatar,Action|Adventure|Sci-Fi|IMAX,2009,2
Sweetest Thing,Comedy|Romance,2002,2
Orphanage,Drama|Horror|Mystery|Thriller,2007,3
Cowboys & Aliens,Action|Sci-Fi|Thriller|Western|IMAX,2011,2
Easy A,Comedy|Romance,2010,4
Side Effects,Crime|Drama|Mystery|Thriller,2013,3
Behind the Candelabra,Drama,2013,3
Captain Phillips,Adventure|Drama|Thriller|IMAX,2013,3
Lone Survivor,Action|Drama|Thriller|War,2013,3
Star Trek Beyond,Action|Adventure|Sci-Fi,2016,3
Series 7: The Contenders,Action|Drama,2001,2
L.I.E.,Drama,2001,4
Devil's Backbone,Drama|Fantasy|Horror|Thriller|War,2001,4
Rules of Attraction,Comedy|Drama|Romance|Thriller,2002,3
Bad Education (La mala educación),Drama|Thriller,2004,2
I Am Love (Io sono l'amore),Drama|Romance,2009,3
Skin I Live In,Drama,2011,2
Good Girl,Comedy|Drama,2002,4
Mighty Wind,Comedy|Musical,2003,2
Pledge,Crime|Drama|Mystery|Thriller,2001,3
Finding Nemo,Adventure|Animation|Children|Comedy,2003,3
Wind That Shakes the Barley,Drama|War,2006,4
Terminator 3: Rise of the Machines,Action|Adventure|Sci-Fi,2003,3
Inland Empire,Drama|Mystery|Thriller,2006,4
Pirates of the Caribbean: The Curse of the Black Pearl,Action|Adventure|Comedy|Fantasy,2003,3
Don't Say a Word,Thriller,2001,2
Persepolis,Animation|Drama,2007,4
Eternal Sunshine of the Spotless Mind,Drama|Romance|Sci-Fi,2004,3.5
League of Extraordinary Gentlemen,Action|Fantasy|Sci-Fi,2003,2
Mist,Horror|Sci-Fi,2007,4
In Bruges,Comedy|Crime|Drama|Thriller,2008,4
A.I. Artificial Intelligence,Adventure|Drama|Sci-Fi,2001,3
Road,Adventure|Drama|Thriller,2009,4
Others,Drama|Horror|Mystery|Thriller,2001,4
Timecrimes (Cronocrímenes,Sci-Fi|Thriller,2007,3
Rise of the Planet of the Apes,Action|Drama|Sci-Fi|Thriller,2011,3
End of Watch,Crime|Drama|Thriller,2012,3
Hunt,Drama,2012,3
Oblivion,Action|Adventure|Sci-Fi|IMAX,2013,3
Gravity,Action|Sci-Fi|IMAX,2013,4
Coherence,Drama|Mystery|Sci-Fi|Thriller,2013,4
Still Alice,Drama,2014,4
Sicario,Crime|Drama|Mystery,2015,4
The Handmaiden,Drama|Romance|Thriller,2016,3
Hell or High Water,Crime|Drama,2016,4
Arrival,Sci-Fi,2016,4
Logan,Action|Sci-Fi,2017,4
Hannibal,Horror|Thriller,2001,2.5
Amour,Drama|Romance,2012,3.5
One Night at McCool's,Comedy,2001,4
Avengers,Action|Adventure|Sci-Fi|IMAX,2012,3
Dark Knight Rises,Action|Adventure|Crime|IMAX,2012,4
Salt,Action|Thriller,2010,3
Enemy at the Gates,Drama|War,2001,3
Ted,Comedy|Fantasy,2012,3
Dirty Pretty Things,Crime|Drama|Thriller,2002,3
Amazing Spider-Man,Action|Adventure|Sci-Fi|IMAX,2012,3
Shattered Glass,Crime|Drama,2003,4
Argo,Drama|Thriller,2012,4
Devil,Horror|Mystery|Thriller,2010,3
Silver Linings Playbook,Comedy|Drama,2012,3
Under the Skin,Horror|Sci-Fi|Thriller,2013,4
Swimfan,Thriller,2002,1.5
Serendipity,Comedy|Romance,2001,2
Simpsons Movie,Animation|Comedy,2007,3.5
Joe Dirt,Adventure|Comedy|Mystery|Romance,2001,2
Beautiful Mind,Drama|Romance,2001,3
Frailty,Crime|Drama|Thriller,2001,3.5
Black Hawk Down,Action|Drama|War,2001,2
Donnie Darko,Drama|Mystery|Sci-Fi|Thriller,2001,4
Unfaithful,Drama|Thriller,2002,2
Ice Age,Adventure|Animation|Children|Comedy,2002,3
Taxidermia,Comedy|Drama|Horror,2006,1
Offside,Comedy|Drama,2006,3
Flags of Our Fathers,Drama|War,2006,3
Guide to Recognizing Your Saints,Crime|Drama,2006,4
Perfume: The Story of a Murderer,Crime|Drama|Thriller,2006,3
Shooting Dogs (a.k.a. Beyond the Gates),Documentary|Drama|War,2005,3
Holiday,Comedy|Romance,2006,2
Page Turner,Drama|Musical|Thriller,2006,3
Freedom Writers,Drama,2007,2
Bothersome Man,Comedy|Drama|Fantasy|Mystery,2006,3
Good German,Drama|Mystery|Thriller,2006,3
Old Joy,Drama,2006,3
Venus,Drama|Romance,2006,4
Cocaine Cowboys,Documentary,2006,4
Days of Glory (Indigènes),Action|Adventure|Drama|War,2006,3
Kidulthood,Drama,2006,4
Consequences of Love,Crime|Drama,2004,4
Starter for 10,Drama|Romance,2006,4
Jindabyne,Crime|Drama|Mystery|Thriller,2006,3
Black Book (Zwartboek),Drama|Thriller|War,2006,4
Big Nothing,Comedy|Crime|Thriller,2006,2
Adam & Paul,Comedy|Drama,2004,2
Away from Her,Drama,2006,2
Zidane: A 21st Century Portrait (Zidane,Documentary,2006,3
Bug,Drama|Horror|Thriller,2007,3
Four Minutes (Vier Minuten),Drama,2006,2
Exiled (Fong juk),Action|Crime|Thriller,2006,2
Lady Chatterley,Drama|Romance,2006,4
2 Days in Paris,Comedy|Drama|Romance,2007,4
Straightheads (Closure),Crime|Drama,2007,4
Assassination of Jesse James by the Coward Robert Ford,Crime|Drama|Western,2007,4
Beaufort,Action|Drama|War,2007,4
Irina Palm,Drama,2007,4
You,Comedy|Drama|Musical,2007,2
Goodbye Bafana (Color of Freedom,Drama|War,2007,4
Cleaner,Crime|Thriller,2007,3
He Was a Quiet Man,Drama,2007,3
Bamako,Drama,2006,2
Aerial,Adventure|Fantasy|Film-Noir|Mystery|Sci-Fi,2007,2
Happy-Go-Lucky,Comedy|Drama,2008,2
Hunt,Drama,2012,4
Savage Grace,Crime|Drama,2007,3
Recount,Drama,2008,4
Jay and Silent Bob Strike Back,Adventure|Comedy,2001,2
Secretary,Comedy|Drama|Romance,2002,4
Cherish,Comedy|Drama|Thriller,2002,3
The Butterfly Effect,Drama|Sci-Fi|Thriller,2004,2.5
Pride & Prejudice,Drama|Romance,2005,3.5
Fast Runner,Drama|Fantasy,2001,4
Pirates of the Caribbean: At World's End,Action|Adventure|Comedy|Fantasy,2007,3
Gran Torino,Crime|Drama,2008,2
Red Dragon,Crime|Mystery|Thriller,2002,3.5
Training Day,Crime|Drama|Thriller,2001,4
WALL·E,Adventure|Animation|Children|Romance|Sci-Fi,2008,1.5
Brick Lane,Drama,2007,3
Water Lilies (Naissance des pieuvres),Drama,2007,3
Transsiberian,Crime|Drama|Thriller,2008,2
Red Dragon,Crime|Mystery|Thriller,2002,3.5
Felon,Crime|Drama,2008,3
Spider-Man,Action|Adventure|Sci-Fi|Thriller,2002,2
Inside Paris (Dans Paris),Drama,2006,3
Minority Report,Action|Crime|Mystery|Sci-Fi|Thriller,2002,2.5
Men in Black II (a.k.a. MIIB) (a.k.a. MIB 2),Action|Comedy|Sci-Fi,2002,1.5
Planet Terror,Action|Horror|Sci-Fi,2007,3
Bitter Lake,Documentary,2015,4
4 Months,Drama,2007,4.5
Persepolis,Animation|Drama,2007,3.5
Man from Earth,Drama|Sci-Fi,2007,3.5
Futurama: Bender's Big Score,Animation|Comedy|Sci-Fi,2007,3.5
It Follows,Horror,2014,3
I'm Not There,Drama,2007,4
Life of Pi,Adventure|Drama|IMAX,2012,4
Cloverfield,Action|Mystery|Sci-Fi|Thriller,2008,3.5
Girl Who Leapt Through Time,Animation|Comedy|Drama|Romance|Sci-Fi,2006,2.5
Paperman,Animation|Comedy|Romance,2012,4
Angel Eyes,Romance|Thriller,2001,2
SpongeBob SquarePants Movie,Adventure|Animation|Children|Comedy,2004,2.5
Bully,Crime|Drama|Thriller,2001,4
Imaginarium of Doctor Parnassus,Drama|Fantasy,2009,3.5
Jump Tomorrow,Comedy|Drama|Romance,2001,2
Blow,Crime|Drama,2001,3
The Theory of Everything,Drama|Romance,2014,3
Dunkirk,Action|Drama|Thriller|War,2017,3
About a Boy,Comedy|Drama|Romance,2002,3
Blade Runner 2049,Sci-Fi,2017,4
Matchstick Men,Comedy|Crime|Drama,2003,4
Kill Bill: Vol. 1,Action|Crime|Thriller,2003,5
Jackass: The Movie,Action|Comedy|Documentary,2002,1
Master and Commander: The Far Side of the World,Adventure|Drama|War,2003,3
Hannibal,Horror|Thriller,2001,2
Big Fish,Drama|Fantasy|Romance,2003,4
Lord of the Rings: The Return of the King,Action|Adventure|Drama|Fantasy,2003,4
Eternal Sunshine of the Spotless Mind,Drama|Romance|Sci-Fi,2004,4
One Night at McCool's,Comedy,2001,3
I'm Not There,Drama,2007,3
Winged Migration (Peuple migrateur,Documentary,2001,3
Cloverfield,Action|Mystery|Sci-Fi|Thriller,2008,4
Adjustment Bureau,Romance|Sci-Fi|Thriller,2011,3
Hellboy II: The Golden Army,Action|Adventure|Fantasy|Sci-Fi,2008,3
Bucket List,Comedy|Drama,2007,2.5
Sweeney Todd: The Demon Barber of Fleet Street,Drama|Horror|Musical|Thriller,2007,2
Signal,Horror|Sci-Fi|Thriller,2007,2.5
Spellbound,Documentary,2002,3
Hellboy,Action|Adventure|Fantasy|Horror,2004,3
Swimming Pool,Drama|Mystery|Thriller,2003,4
Kill Bill: Vol. 2,Action|Drama|Thriller,2004,5
Producers,Comedy|Musical,2005,3
Legally Blonde,Comedy|Romance,2001,2
I Am Sam,Drama,2001,4
Descendants,Comedy|Drama,2011,4
Lincoln,Drama|War,2012,3
15 Minutes,Thriller,2001,3
Kill Bill: Vol. 2,Action|Drama|Thriller,2004,4
Lady Bird,Comedy,2017,4
Along Came a Spider,Action|Crime|Mystery|Thriller,2001,3
Bridget Jones's Diary,Comedy|Drama|Romance,2001,3.5
Deep End,Drama,2001,3
Mummy Returns,Action|Adventure|Comedy|Thriller,2001,2.5
Shrek,Adventure|Animation|Children|Comedy|Fantasy|Romance,2001,4.5
Lord of the Rings: The Fellowship of the Ring,Adventure|Fantasy,2001,4.5
Moulin Rouge,Drama|Musical|Romance,2001,5
Django Unchained,Action|Drama|Western,2012,4
Hellboy II: The Golden Army,Action|Adventure|Fantasy|Sci-Fi,2008,2.5
Lone Ranger,Action|Adventure|Western|IMAX,2013,3
Beautiful Mind,Drama|Romance,2001,3.5
Indiana Jones and the Kingdom of the Crystal Skull,Action|Adventure|Comedy|Sci-Fi,2008,1.5
Cooler,Comedy|Drama|Romance,2003,2
Cold Mountain,Drama|Romance|War,2003,3
Ghost in the Shell 2.0,Action|Animation|Sci-Fi,2008,4
King Kong,Action|Adventure|Drama|Fantasy|Thriller,2005,4
Monsters,Adventure|Animation|Children|Comedy|Fantasy,2001,1
Shallow Hal,Comedy|Fantasy|Romance,2001,1
Ocean's Eleven,Crime|Thriller,2001,3
Gravity,Action|Sci-Fi|IMAX,2013,3.5
Vanilla Sky,Mystery|Romance|Sci-Fi|Thriller,2001,4
Slumdog Millionaire,Crime|Drama|Romance,2008,3.5
Royal Tenenbaums,Comedy|Drama,2001,4
8 Mile,Drama,2002,3.5
K-PAX,Drama|Fantasy|Mystery|Sci-Fi,2001,3
8 Mile,Drama,2002,3
Donnie Darko,Drama|Mystery|Sci-Fi|Thriller,2001,5
Wrestler,Drama,2008,4
Monsters,Adventure|Animation|Children|Comedy|Fantasy,2001,4
Dog Soldiers,Action|Horror,2002,2.5
Dark Blue World (Tmavomodrý svet),Drama|War,2001,3
Dark Knight,Action|Crime|Drama|IMAX,2008,3.5
Rabbit-Proof Fence,Adventure|Drama,2002,4
Willard,Drama|Horror|Thriller,2003,3
Lovely & Amazing,Comedy|Drama|Romance,2001,4
Behind Enemy Lines,Action|Drama|War,2001,3
Me Without You,Comedy|Drama,2001,4
Sex and Lucia (Lucía y el sexo),Drama|Romance,2001,3
Lord of the Rings: The Fellowship of the Ring,Adventure|Fantasy,2001,3
Beautiful Mind,Drama|Romance,2001,3
Black Hawk Down,Action|Drama|War,2001,3
Silent Light (Stellet licht),Drama,2007,4
Super Troopers,Comedy|Crime|Mystery,2001,4
Prisoners,Drama|Mystery|Thriller,2013,3.5
Elegy,Drama|Romance,2008,3
Amy,Documentary,2015,5
Her,Drama|Romance|Sci-Fi,2013,4
Die Another Day,Action|Adventure|Thriller,2002,1
Lord of the Rings: The Two Towers,Adventure|Fantasy,2002,2.5
Sweet Sixteen,Drama,2002,4
Futurama: The Beast with a Billion Backs,Action|Animation|Comedy|Romance|Sci-Fi,2008,2.5
Megamind,Action|Animation|Children|Comedy|Sci-Fi|IMAX,2010,4
12 Years a Slave,Drama,2013,4
Shipping News,Drama,2001,4
The Hunger Games: Catching Fire,Action|Adventure|Sci-Fi|IMAX,2013,3
Lilya 4-Ever (Lilja 4-ever),Crime|Drama,2002,5
Wolf of Wall Street,Comedy|Crime|Drama,2013,4
Spring,Drama,2003,4
Time of the Wolf,Drama,2003,3.5
Black Hawk Down,Action|Drama|War,2001,3
Samaritan Girl (Samaria),Drama,2004,3.5
Insomnia,Action|Crime|Drama|Mystery|Thriller,2002,4
Don't Come Knocking,Drama|Western,2005,3
Minority Report,Action|Crime|Mystery|Sci-Fi|Thriller,2002,4
Bow,Drama|Romance,2005,3.5
Focus,Drama,2001,2
Bridget Jones's Diary,Comedy|Drama|Romance,2001,4
Iris,Drama,2001,3
Shrek,Adventure|Animation|Children|Comedy|Fantasy|Romance,2001,4
Spider-Man 2,Action|Adventure|Sci-Fi|IMAX,2004,3
No Man's Land,Drama|War,2001,4
Sin City,Action|Crime|Film-Noir|Mystery|Thriller,2005,3.5
Deep End,Drama,2001,3
And Your Mother Too (Y tu mamá también),Drama|Romance,2001,4
Hitchhiker's Guide to the Galaxy,Adventure|Comedy|Sci-Fi,2005,2.5
Sweet Home Alabama,Comedy|Romance,2002,1.5
Troy,Action|Adventure|Drama|War,2004,3
Caramel (Sukkar banat),Comedy,2007,3.5
Watchmen,Action|Drama|Mystery|Sci-Fi|Thriller|IMAX,2009,4
Help,Drama,2011,3
Curious Case of Benjamin Button,Drama|Fantasy|Mystery|Romance,2008,3
Moonrise Kingdom,Comedy|Drama|Romance,2012,4
X-Men: First Class,Action|Adventure|Sci-Fi|Thriller|War,2011,3
Edge of Tomorrow,Action|Sci-Fi|IMAX,2014,4
Art of Negative Thinking,Comedy|Drama,2006,3
Prometheus,Action|Horror|Sci-Fi|IMAX,2012,4
Shrek 2,Adventure|Animation|Children|Comedy|Musical|Romance,2004,4
Fall,Adventure|Drama|Fantasy,2006,3
Cinderella Man,Drama|Romance,2005,3
Cat's Meow,Drama|Thriller,2002,3
Star Wars: Episode III - Revenge of the Sith,Action|Adventure|Sci-Fi,2005,3
Moulin Rouge,Drama|Musical|Romance,2001,5
Ray,Drama,2004,2
Mr. & Mrs. Smith,Action|Adventure|Comedy|Romance,2005,3
Time (Shi gan),Drama|Romance,2006,3.5
Swordfish,Action|Crime|Drama,2001,3
Evolution,Comedy|Sci-Fi,2001,3
Son's Room,Drama,2001,4
Lara Croft: Tomb Raider,Action|Adventure,2001,2.5
Storytelling,Comedy|Drama,2001,3
Score,Action|Drama,2001,3
Grand Budapest Hotel,Comedy|Drama,2014,4
Taking Sides,Drama,2001,3
Station Agent,Comedy|Drama,2003,3
Watchmen,Action|Drama|Mystery|Sci-Fi|Thriller|IMAX,2009,3.5
Gangs of New York,Crime|Drama,2002,2
Enemy,Mystery|Thriller,2013,4
Somers Town,Drama,2008,3
Import/Export,Drama,2007,4
Cats & Dogs,Children|Comedy,2001,1
We Were Soldiers,Action|Drama|War,2002,3
Silence,Drama|Thriller,2016,3
Duchess,Drama|Romance,2008,4
Up,Adventure|Animation|Children|Drama,2009,1
K-19: The Widowmaker,Action|Adventure|Drama|Thriller,2002,3
Moon,Drama|Mystery|Sci-Fi|Thriller,2009,4
Inception,Action|Crime|Drama|Mystery|Sci-Fi|Thriller|IMAX,2010,4
Ocean's Eleven,Crime|Thriller,2001,4
Ice Age,Adventure|Animation|Children|Comedy,2002,1.5
Frailty,Crime|Drama|Thriller,2001,2.5
Resident Evil,Action|Horror|Sci-Fi|Thriller,2002,3.5
Wallace and Gromit in 'A Matter of Loaf and Death',Animation|Comedy,2008,3
Che: Part Two,Drama|War,2008,3
I've Loved You So Long (Il y a longtemps que je t'aime),Drama|Mystery,2008,4
Wendy and Lucy,Drama,2008,3
Mesrine: Killer Instinct (L'instinct de mort),Action|Crime|Drama|Thriller,2008,4
Escapist,Thriller,2008,3
Funny People,Comedy|Drama,2009,4
Divo,Drama,2008,4
Duplicity,Crime|Romance|Thriller,2009,3
Revanche,Crime|Drama|Romance,2008,3
Incendiary,Drama|Mystery|Romance|Thriller,2008,2
Tokyo Sonata,Drama,2008,3
Execution of P,Crime|Thriller,2009,4
September Issue,Documentary,2009,4
Private Lives of Pippa Lee,Drama,2009,4
Single Man,Drama,2009,4
Wrong Turn at Tahoe,Action|Crime|Thriller,2009,2
Lebanon,Drama|War,2009,4
Four Lions,Comedy|Drama,2010,3
Tony Manero,Crime|Drama,2008,4
American,Drama|Thriller,2010,3
Wall Street: Money Never Sleeps,Drama,2010,3
Of Gods and Men (Des hommes et des dieux),Drama,2010,4
Lake Tahoe,Drama,2008,2
Carlos,Crime|Drama|Thriller,2010,4
Lincoln Lawyer,Crime|Drama|Thriller,2011,3
Essential Killing,Thriller|War,2010,4
Meek's Cutoff,Western,2010,4
Outside the Law (Hors-la-loi),Crime|Drama|War,2010,4
Debt,Drama|Thriller,2011,4
Future,Drama,2011,4
This Must Be the Place,Crime|Drama|Thriller,2011,3
Shame,Drama,2011,4
Machine Gun Preacher,Action|Crime,2011,2
Miss Bala,Action|Adventure|Drama|Thriller,2011,4
Outside Satan (Hors Satan),Drama,2011,2
City of God (Cidade de Deus),Action|Adventure|Crime|Drama|Thriller,2002,2.5
Touching the Void,Adventure|Documentary,2003,4
Bruce Almighty,Comedy|Drama|Fantasy|Romance,2003,2.5
Batman: Gotham Knight,Action|Animation|Crime,2008,2.5
Hulk,Action|Adventure|Sci-Fi,2003,1
Interstellar,Sci-Fi|IMAX,2014,5
Pirates of the Caribbean: The Curse of the Black Pearl,Action|Adventure|Comedy|Fantasy,2003,3.5
Kill Bill: Vol. 1,Action|Crime|Thriller,2003,2
Ring,Horror|Mystery|Thriller,2002,2.5
Planet of the Apes,Action|Adventure|Drama|Sci-Fi,2001,3
Last Orders,Drama,2001,3
Breaking and Entering,Drama,2006,3
Piano Teacher,Drama,2001,3
Final Fantasy: The Spirits Within,Adventure|Animation|Fantasy|Sci-Fi,2001,3
Jurassic Park III,Action|Adventure|Sci-Fi|Thriller,2001,3
Planet of the Apes,Action|Adventure|Drama|Sci-Fi,2001,2
Rush Hour 2,Action|Comedy,2001,2
Jay and Silent Bob Strike Back,Adventure|Comedy,2001,2.5
Training Day,Crime|Drama|Thriller,2001,4
K-PAX,Drama|Fantasy|Mystery|Sci-Fi,2001,3
Donnie Darko,Drama|Mystery|Sci-Fi|Thriller,2001,4.5
Monsters,Adventure|Animation|Children|Comedy|Fantasy,2001,4.5
Harry Potter and the Sorcerer's Stone (a.k.a. Harry Potter and the Philosopher's Stone),Adventure|Children|Fantasy,2001,4.5
Spy Game,Action|Crime|Drama|Thriller,2001,3
Ocean's Eleven,Crime|Thriller,2001,4
Royal Tenenbaums,Comedy|Drama,2001,4.5
Lord of the Rings: The Fellowship of the Ring,Adventure|Fantasy,2001,5
Beautiful Mind,Drama|Romance,2001,4
Black Hawk Down,Action|Drama|War,2001,4
Spider-Man,Action|Adventure|Sci-Fi|Thriller,2002,4.5
Star Wars: Episode II - Attack of the Clones,Action|Adventure|Sci-Fi|IMAX,2002,2
Insomnia,Action|Crime|Drama|Mystery|Thriller,2002,4
Harsh Times,Action|Crime|Drama,2006,4
Bourne Identity,Action|Mystery|Thriller,2002,4
Lake of Fire,Documentary,2006,2
Minority Report,Action|Crime|Mystery|Sci-Fi|Thriller,2002,4.5
Iron Man 3,Action|Sci-Fi|Thriller|IMAX,2013,4
Road to Perdition,Crime|Drama,2002,4
Star Trek Into Darkness,Action|Adventure|Sci-Fi|IMAX,2013,3
Gone Girl,Drama|Thriller,2014,3
Ex Machina,Drama|Sci-Fi|Thriller,2015,4
Austin Powers in Goldmember,Comedy,2002,2.5
Star Wars: Episode VII - The Force Awakens,Action|Adventure|Fantasy|Sci-Fi|IMAX,2015,3
Signs,Horror|Sci-Fi|Thriller,2002,3.5
The Martian,Adventure|Drama|Sci-Fi,2015,4
Harry Potter and the Chamber of Secrets,Adventure|Fantasy,2002,3.5
Room,Drama,2015,4
Batman Begins,Action|Crime|IMAX,2005,4
Memories of Murder (Salinui chueok),Crime|Drama|Mystery|Thriller,2003,1
V for Vendetta,Action|Sci-Fi|Thriller|IMAX,2006,3
Fay Grim,Action|Thriller,2006,2
American Pie 2,Comedy,2001,3
Lord of the Rings: The Two Towers,Adventure|Fantasy,2002,4.5
Jay and Silent Bob Strike Back,Adventure|Comedy,2001,3
Big Fish,Drama|Fantasy|Romance,2003,3
Bandits,Comedy|Crime|Romance,2001,2
K-PAX,Drama|Fantasy|Mystery|Sci-Fi,2001,4
Donnie Darko,Drama|Mystery|Sci-Fi|Thriller,2001,4
Predestination,Action|Mystery|Sci-Fi|Thriller,2014,3
The Imitation Game,Drama|Thriller|War,2014,3
Wild Tales,Comedy|Drama|Thriller,2014,3
Inside Out,Adventure|Animation|Children|Comedy|Drama|Fantasy,2015,4
The Revenant,Adventure|Drama,2015,4
Chicago,Comedy|Crime|Drama|Musical,2002,3
Infernal Affairs (Mou gaan dou),Crime|Drama|Thriller,2002,3
Haywire,Action|Thriller,2011,3
I'll Sleep When I'm Dead,Crime|Drama,2003,3
Return,Drama,2003,3
Hidden (a.k.a. Cache) (Caché),Drama|Mystery|Thriller,2005,4
Squid and the Whale,Comedy|Drama,2005,4
Savages,Comedy|Drama,2007,4
White Ribbon,Drama|Mystery,2009,4
Cyrus,Comedy|Drama|Romance,2010,4
Winter's Bone,Drama|Thriller,2010,4
Illusionist,Animation,2010,4
Fair Game,Drama|Thriller,2010,3
Bourne Identity,Action|Mystery|Thriller,2002,3
Minority Report,Action|Crime|Mystery|Sci-Fi|Thriller,2002,4
Men in Black II (a.k.a. MIIB) (a.k.a. MIB 2),Action|Comedy|Sci-Fi,2002,2.5
Reign of Fire,Action|Adventure|Fantasy,2002,1.5
Road to Perdition,Crime|Drama,2002,3
Signs,Horror|Sci-Fi|Thriller,2002,3
Ring,Horror|Mystery|Thriller,2002,4
Star Trek,Action|Adventure|Sci-Fi|IMAX,2009,2.5
Equilibrium,Action|Sci-Fi|Thriller,2002,3
Lord of the Rings: The Two Towers,Adventure|Fantasy,2002,2
Village,Drama|Mystery|Thriller,2004,2.5
City of God (Cidade de Deus),Action|Adventure|Crime|Drama|Thriller,2002,3.5
Recruit,Action|Thriller,2003,3
Phone Booth,Drama|Thriller,2002,2.5
Slumdog Millionaire,Crime|Drama|Romance,2008,3
Matrix Reloaded,Action|Adventure|Sci-Fi|Thriller|IMAX,2003,2.5
Social Network,Drama,2010,3.5
Bruce Almighty,Comedy|Drama|Fantasy|Romance,2003,3
Spun,Comedy|Crime|Drama,2001,3
Vanilla Sky,Mystery|Romance|Sci-Fi|Thriller,2001,2
Blood Work,Crime|Drama|Mystery|Thriller,2002,2
Nocturnal Animals,Drama|Thriller,2016,3
24 Hour Party People,Comedy|Drama|Musical,2002,4
Royal Tenenbaums,Comedy|Drama,2001,4
Dreamcatcher,Drama|Horror|Sci-Fi|Thriller,2003,3.5
Lord of the Rings: The Fellowship of the Ring,Adventure|Fantasy,2001,4
Bad Santa,Comedy|Crime,2003,5
Black Swan,Drama|Thriller,2010,4
King's Speech,Drama,2010,3.5
Inglourious Basterds,Action|Drama|War,2009,3
Secret in Their Eyes,Crime|Drama|Mystery|Romance|Thriller,2009,3.5
Inception,Action|Crime|Drama|Mystery|Sci-Fi|Thriller|IMAX,2010,4
Black Swan,Drama|Thriller,2010,4.5
Dark Knight Rises,Action|Adventure|Crime|IMAX,2012,3.5
Life of Pi,Adventure|Drama|IMAX,2012,3.5
Now You See Me,Crime|Mystery|Thriller,2013,3
Interstellar,Sci-Fi|IMAX,2014,3.5
Mystic River,Crime|Drama|Mystery,2003,3
Dogville,Drama|Mystery|Thriller,2003,3.5
Lives of Others,Drama|Romance|Thriller,2006,3.5
Zodiac,Crime|Drama|Thriller,2007,4
District 9,Mystery|Sci-Fi|Thriller,2009,3.5
Looper,Action|Crime|Sci-Fi,2012,3
Hangover,Comedy|Crime,2009,2
True Grit,Western,2010,4
Another Year,Drama,2010,3
Triplets of Belleville,Animation|Comedy|Fantasy,2003,4
City of Ember,Adventure|Children|Sci-Fi,2008,2
Monsters,Adventure|Animation|Children|Comedy|Fantasy,2001,3
Day the Earth Stood Still,Drama|Sci-Fi|Thriller|IMAX,2008,3
Heist,Crime|Drama,2001,3
Lord of the Rings: The Return of the King,Action|Adventure|Drama|Fantasy,2003,2.5
Climates (Iklimler),Drama,2006,3
Eternal Sunshine of the Spotless Mind,Drama|Romance|Sci-Fi,2004,4
Descent,Adventure|Drama|Horror|Thriller,2005,4
Hitman,Action|Crime|Thriller,2007,2
I Am Legend,Action|Horror|Sci-Fi|Thriller|IMAX,2007,4
Hours,Drama|Romance,2002,5
Children of Men,Action|Adventure|Drama|Sci-Fi|Thriller,2006,4.5
Happening,Drama|Sci-Fi|Thriller,2008,2
House of Flying Daggers (Shi mian mai fu),Action|Drama|Romance,2004,3
Objective,Horror|Sci-Fi|Thriller|War,2008,4
Die Another Day,Action|Adventure|Thriller,2002,2.5
Skyline,Sci-Fi|Thriller,2010,2
R.I.P.D.,Action|Comedy|Fantasy,2013,2
Ghost World,Comedy|Drama,2001,4
Napoleon Dynamite,Comedy,2004,3
Terminator Genisys,Action|Adventure|Sci-Fi|Thriller,2015,3
Waking Life,Animation|Drama|Fantasy,2001,4
Man Who Wasn't There,Crime|Drama,2001,3
Let the Right One In (Låt den rätte komma in),Drama|Fantasy|Horror|Romance,2008,4
300,Action|Fantasy|War|IMAX,2007,3
Brick,Crime|Drama|Film-Noir|Mystery,2005,2
Righteous Kill,Crime|Mystery|Thriller,2008,2.5
Rescue Dawn,Action|Adventure|Drama|War,2006,4
Three Monkeys (Üç maymun),Drama,2008,3
Troy,Action|Adventure|Drama|War,2004,1.5
Takva: A Man's Fear of God,Drama,2006,4
Shallow Hal,Comedy|Fantasy|Romance,2001,3
Catch Me If You Can,Crime|Drama,2002,3
Harry Potter and the Sorcerer's Stone (a.k.a. Harry Potter and the Philosopher's Stone),Adventure|Children|Fantasy,2001,3
Matrix Reloaded,Action|Adventure|Sci-Fi|Thriller|IMAX,2003,2
Mystic River,Crime|Drama|Mystery,2003,4
Jackass: The Movie,Action|Comedy|Documentary,2002,3.5
Hunter,Drama,2011,3
Win Win,Comedy|Drama,2011,3
Superman Returns,Action|Adventure|Sci-Fi|IMAX,2006,2.5
Scanner Darkly,Animation|Drama|Mystery|Sci-Fi|Thriller,2006,3
Da Vinci Code,Drama|Mystery|Thriller,2006,2.5
Babel,Drama|Thriller,2006,3.5
Illusionist,Drama|Fantasy|Mystery|Romance,2006,3
Let the Right One In (Låt den rätte komma in),Drama|Fantasy|Horror|Romance,2008,2.5
Fountain,Drama|Fantasy|Romance,2006,3
Dogville,Drama|Mystery|Thriller,2003,4
Girl with the Dragon Tattoo,Drama|Thriller,2011,4
Italian Job,Action|Crime,2003,1
Melvin Goes to Dinner,Comedy|Drama,2003,4
Beautiful Mind,Drama|Romance,2001,4
Man on Fire,Action|Crime|Drama|Mystery|Thriller,2004,3
Everyday,Drama,2012,3
Tokyo Godfathers,Adventure|Animation|Drama,2003,4
Embrace of the Serpent,Adventure|Drama,2016,4
Mostly Martha (Bella Martha),Comedy|Drama|Romance,2001,3
Hunt for the Wilderpeople,Adventure|Comedy,2016,3
Black Hawk Down,Action|Drama|War,2001,4
Village,Drama|Mystery|Thriller,2004,3.5
Pirates of the Caribbean: The Curse of the Black Pearl,Action|Adventure|Comedy|Fantasy,2003,0.5
Avatar,Action|Adventure|Sci-Fi|IMAX,2009,3
Kill Bill: Vol. 1,Action|Crime|Thriller,2003,1
Easy A,Comedy|Romance,2010,2
Matrix Revolutions,Action|Adventure|Sci-Fi|Thriller|IMAX,2003,2
Nymphomaniac: Volume I,Drama,2013,2.5
Nymphomaniac: Volume II,Drama|Mystery,2013,2.5
Turin Horse,Drama,2011,2
Birdman: Or (The Unexpected Virtue of Ignorance),Comedy|Drama,2014,3.5
Bullhead (Rundskop),Crime|Drama,2011,4
One,Action|Sci-Fi|Thriller,2001,1
Dogville,Drama|Mystery|Thriller,2003,5
Terminator 3: Rise of the Machines,Action|Adventure|Sci-Fi,2003,2.5
Curious Case of Benjamin Button,Drama|Fantasy|Mystery|Romance,2008,3
Ponyo (Gake no ue no Ponyo),Adventure|Animation|Children|Fantasy,2008,3.5
Ocean's Eleven,Crime|Thriller,2001,4
Robin Hood,Action|Adventure|Drama|Romance|War,2010,3
Vanilla Sky,Mystery|Romance|Sci-Fi|Thriller,2001,4
Royal Tenenbaums,Comedy|Drama,2001,3
Lord of the Rings: The Fellowship of the Ring,Adventure|Fantasy,2001,2
Beautiful Mind,Drama|Romance,2001,3
Black Hawk Down,Action|Drama|War,2001,3
Ice Age,Adventure|Animation|Children|Comedy,2002,3
Shrek 2,Adventure|Animation|Children|Comedy|Musical|Romance,2004,2.5
Blade II,Action|Horror|Thriller,2002,2
My Big Fat Greek Wedding,Comedy|Romance,2002,3
28 Weeks Later,Horror|Sci-Fi|Thriller,2007,3
Heartbreak Kid,Comedy|Drama|Romance,2007,3
Changeling,Crime|Drama|Mystery,2008,2
Frailty,Crime|Drama|Thriller,2001,3
Milk,Drama,2008,3.5
About Schmidt,Comedy|Drama,2002,4.5
Spectre,Action|Adventure|Crime,2015,3
Mulholland Drive,Crime|Drama|Film-Noir|Mystery|Thriller,2001,4
Lord of the Rings: The Two Towers,Adventure|Fantasy,2002,5
From Hell,Crime|Horror|Mystery|Thriller,2001,2
25th Hour,Crime|Drama,2002,4
Adaptation,Comedy|Drama|Romance,2002,3
Gangs of New York,Crime|Drama,2002,4
28 Days Later,Action|Horror|Sci-Fi,2002,3
Boy in the Striped Pajamas,Drama|War,2008,3
Dr. Horrible's Sing-Along Blog,Comedy|Drama|Musical|Sci-Fi,2008,1
Diving Bell and the Butterfly,Drama,2007,4
Funny Games U.S.,Drama|Thriller,2007,4
Transformers,Action|Sci-Fi|Thriller|IMAX,2007,3
Spider-Man,Action|Adventure|Sci-Fi|Thriller,2002,2
Bourne Ultimatum,Action|Crime|Thriller,2007,3.5
Star Wars: Episode II - Attack of the Clones,Action|Adventure|Sci-Fi|IMAX,2002,1
Insomnia,Action|Crime|Drama|Mystery|Thriller,2002,2.5
Fahrenheit 9/11,Documentary,2004,2
Coraline,Animation|Fantasy|Thriller,2009,3
Spider-Man 2,Action|Adventure|Sci-Fi|IMAX,2004,2
Futurama: Into the Wild Green Yonder,Action|Animation|Comedy|Sci-Fi,2009,2
Kung Fu Panda: Secrets of the Furious Five,Action|Animation|Children|Comedy,2008,3
Transformers: Revenge of the Fallen,Action|Adventure|Sci-Fi|IMAX,2009,1.5
Watchmen: Tales of the Black Freighter,Action|Adventure|Animation|Horror,2009,3
Cell 211 (Celda 211),Action|Drama,2009,4.5
Matrix Revolutions,Action|Adventure|Sci-Fi|Thriller|IMAX,2003,1.5
Serenity,Action|Adventure|Sci-Fi,2005,2
Science of Sleep,Comedy|Drama|Fantasy|Romance,2006,4
Sweet Home Alabama,Comedy|Romance,2002,1
Wanderlust,Comedy,2012,2
Solaris,Drama|Romance|Sci-Fi,2002,2.5
Killer Joe,Crime|Thriller,2011,3
Moulin Rouge,Drama|Musical|Romance,2001,1
Serenity,Action|Adventure|Sci-Fi,2005,2
Coriolanus,Drama|Thriller,2011,4
Big Fish,Drama|Fantasy|Romance,2003,3
Syriana,Drama|Thriller,2005,3.5
Gone Girl,Drama|Thriller,2014,4
21 Grams,Crime|Drama|Mystery|Romance|Thriller,2003,3
Apocalypto,Adventure|Drama|Thriller,2006,3.5
2046,Drama|Fantasy|Romance|Sci-Fi,2004,3
The Neon Demon,Drama|Horror|Mystery,2016,3
Toni Erdmann,Drama,2016,4
In Bruges,Comedy|Crime|Drama|Thriller,2008,2.5
Son of the Bride (Hijo de la novia,Comedy|Drama,2001,3
Mulholland Drive,Crime|Drama|Film-Noir|Mystery|Thriller,2001,3
Hart's War,Drama|War,2002,3
Lucky Number Slevin,Crime|Drama|Mystery,2006,4
28 Days Later,Action|Horror|Sci-Fi,2002,3.5
We Were Soldiers,Action|Drama|War,2002,2
Road,Adventure|Drama|Thriller,2009,3
Transporter,Action|Crime,2002,1
Breach,Drama|Thriller,2007,3
I Am Legend,Action|Horror|Sci-Fi|Thriller|IMAX,2007,3.5
Lilo & Stitch,Adventure|Animation|Children|Sci-Fi,2002,3.5
Lord of the Rings: The Return of the King,Action|Adventure|Drama|Fantasy,2003,3
Rust and Bone (De rouille et d'os),Drama|Romance,2012,4
Our Children (À perdre la raison),Drama,2012,3
Curious Case of Benjamin Button,Drama|Fantasy|Mystery|Romance,2008,4.5
Syriana,Drama|Thriller,2005,3
Last Samurai,Action|Adventure|Drama|War,2003,2.5
Times and Winds (Bes vakit),Drama,2006,3.5
I,Action|Adventure|Sci-Fi|Thriller,2004,3
Bourne Identity,Action|Mystery|Thriller,2002,3
Primer,Drama|Sci-Fi,2004,2.5
Amelie (Fabuleux destin d'Amélie Poulain,Comedy|Romance,2001,4.5
Incredibles,Action|Adventure|Animation|Children|Comedy,2004,2
Warlords,Action|Drama|War,2007,3
Pianist,Drama|War,2002,4
Anvil! The Story of Anvil,Documentary|Musical,2008,3
Pan's Labyrinth (Laberinto del fauno,Drama|Fantasy|Thriller,2006,4
Secretary,Comedy|Drama|Romance,2002,4
Departed,Crime|Drama|Thriller,2006,4
Prestige,Drama|Mystery|Sci-Fi|Thriller,2006,3.5
Red Dragon,Crime|Mystery|Thriller,2002,3
American Splendor,Comedy|Drama,2003,3
8 Mile,Drama,2002,4
Narc,Crime|Drama|Thriller,2002,4
Tape,Drama,2001,5
Super Size Me,Comedy|Documentary|Drama,2004,4
Catch Me If You Can,Crime|Drama,2002,4
I Heart Huckabees,Comedy,2004,2
Life Aquatic with Steve Zissou,Adventure|Comedy|Fantasy,2004,4
Dog Soldiers,Action|Horror,2002,3
Casino Royale,Action|Adventure|Thriller,2006,4
Eastern Promises,Crime|Drama|Thriller,2007,3.5
S. Darko (S. Darko: A Donnie Darko Tale),Crime|Mystery|Sci-Fi|Thriller,2009,4
No Country for Old Men,Crime|Drama,2007,4
Antichrist,Drama|Fantasy,2009,5
Eagle Eye,Action|Crime|Thriller|IMAX,2008,3
Green Zone,Action|Drama|Thriller|War,2010,3
National Treasure,Action|Adventure|Drama|Mystery|Thriller,2004,2
Senna,Documentary,2010,4
Borderland,Crime|Horror|Thriller,2007,3
Big Fish,Drama|Fantasy|Romance,2003,4
Minority Report,Action|Crime|Mystery|Sci-Fi|Thriller,2002,3
Lord of the Rings: The Return of the King,Action|Adventure|Drama|Fantasy,2003,5
Lives of Others,Drama|Romance|Thriller,2006,4
Eternal Sunshine of the Spotless Mind,Drama|Romance|Sci-Fi,2004,4.5
Kill Bill: Vol. 2,Action|Drama|Thriller,2004,3
Men in Black II (a.k.a. MIIB) (a.k.a. MIB 2),Action|Comedy|Sci-Fi,2002,3
Million Dollar Baby,Drama,2004,2
Shrek 2,Adventure|Animation|Children|Comedy|Musical|Romance,2004,1.5
Killing Them Softly,Crime|Drama|Thriller,2012,3
Bay,Horror|Sci-Fi|Thriller,2012,3
Past,Drama|Mystery|Romance,2013,4
Amour,Drama|Romance,2012,4
Broken City,Crime|Drama|Thriller,2013,2
Shadow Dancer,Crime|Drama|Thriller,2012,4
Resident Evil,Action|Horror|Sci-Fi|Thriller,2002,2
East,Drama,2013,3
Snow White (Blancanieves),Drama,2012,4
Lore,Drama|Thriller|War,2012,4
Spider-Man,Action|Adventure|Sci-Fi|Thriller,2002,3
Howl's Moving Castle (Hauru no ugoku shiro),Adventure|Animation|Fantasy|Romance,2004,3.5
Zodiac,Crime|Drama|Thriller,2007,2
8 Women,Comedy|Crime|Musical|Mystery,2002,3
Frost/Nixon,Drama,2008,4
Café Society,Comedy|Drama|Romance,2016,4
District 9,Mystery|Sci-Fi|Thriller,2009,3.5
Cube 2: Hypercube,Horror|Mystery|Sci-Fi,2002,4.5
Anthropoid,War,2016,3
Blue Valentine,Drama|Romance,2010,2
Animatrix,Action|Animation|Drama|Sci-Fi,2003,3
The Hunger Games,Action|Adventure|Drama|Sci-Fi|Thriller,2012,2.5
Cat Returns,Adventure|Animation|Children|Fantasy,2002,3
Sherlock Holmes: A Game of Shadows,Action|Adventure|Comedy|Crime|Mystery|Thriller,2011,1.5
Scanner Darkly,Animation|Drama|Mystery|Sci-Fi|Thriller,2006,4
Nightcrawler,Crime|Drama|Thriller,2014,3
Cabin in the Woods,Comedy|Horror|Sci-Fi|Thriller,2012,1
Phantom of the Opera,Drama|Musical|Romance,2004,3.5
Star Wars: Episode II - Attack of the Clones,Action|Adventure|Sci-Fi|IMAX,2002,3
Welcome to the Punch,Action|Adventure|Crime|Thriller,2013,2
Like Someone In Love,Drama,2012,4
Chronicles of Riddick,Action|Sci-Fi|Thriller,2004,1.5
Dish,Comedy,2001,4
Talk to Her (Hable con Ella),Drama|Romance,2002,3.5
Signs,Horror|Sci-Fi|Thriller,2002,3
Troy,Action|Adventure|Drama|War,2004,2.5
Ring,Horror|Mystery|Thriller,2002,4
Collateral,Action|Crime|Drama|Thriller,2004,3.5
Harry Potter and the Chamber of Secrets,Adventure|Fantasy,2002,3
Old Boy,Mystery|Thriller,2003,3.5
Quiet American,Drama|Thriller|War,2002,3
Catch Me If You Can,Crime|Drama,2002,3
Recruit,Action|Thriller,2003,2.5
Amelie (Fabuleux destin d'Amélie Poulain,Comedy|Romance,2001,5
One Hour Photo,Drama|Thriller,2002,3
Biutiful,Drama,2010,5
Sin City,Action|Crime|Film-Noir|Mystery|Thriller,2005,2
Brüno (Bruno),Comedy,2009,4
There Will Be Blood,Drama|Western,2007,4
Evangelion: 1.0 You Are (Not) Alone (Evangerion shin gekijôban: Jo),Action|Animation|Sci-Fi,2007,4
Man on Fire,Action|Crime|Drama|Mystery|Thriller,2004,3
Spirited Away (Sen to Chihiro no kamikakushi),Adventure|Animation|Fantasy,2001,4.5
Broken Flowers,Comedy|Drama,2005,3
The Butterfly Effect,Drama|Sci-Fi|Thriller,2004,2.5
Dark Knight,Action|Crime|Drama|IMAX,2008,4
Iron Man,Action|Adventure|Sci-Fi,2008,4
WALL·E,Adventure|Animation|Children|Romance|Sci-Fi,2008,3.5
City of God (Cidade de Deus),Action|Adventure|Crime|Drama|Thriller,2002,4.5
Slumdog Millionaire,Crime|Drama|Romance,2008,3
Inglourious Basterds,Action|Drama|War,2009,3.5
Sherlock Holmes,Action|Crime|Mystery|Thriller,2009,3.5
Fahrenheit 9/11,Documentary,2004,4
Raising Victor Vargas,Comedy|Drama|Romance,2002,4
Spider-Man 2,Action|Adventure|Sci-Fi|IMAX,2004,3
Chronicles of Narnia: The Lion,Adventure|Children|Fantasy,2005,2.5
Lives of Others,Drama|Romance|Thriller,2006,4
2046,Drama|Fantasy|Romance|Sci-Fi,2004,3
District 9,Mystery|Sci-Fi|Thriller,2009,3.5
Cat Returns,Adventure|Animation|Children|Fantasy,2002,3
Superman Returns,Action|Adventure|Sci-Fi|IMAX,2006,2.5
Scanner Darkly,Animation|Drama|Mystery|Sci-Fi|Thriller,2006,4
Da Vinci Code,Drama|Mystery|Thriller,2006,3
Enron: The Smartest Guys in the Room,Documentary,2005,4
Dumplings (Gaau ji),Drama|Horror|Thriller,2004,3
Proposition,Crime|Drama|Western,2005,4
Star Wars: Episode III - Revenge of the Sith,Action|Adventure|Sci-Fi,2005,2.5
Volver,Comedy|Drama,2006,4
Babel,Drama|Thriller,2006,3
Black Snake Moan,Drama,2006,3
Contagion,Sci-Fi|Thriller|IMAX,2011,4
Fate (Yazgi),Drama,2001,4
We Need to Talk About Kevin,Drama|Thriller,2011,4
Lawless,Crime|Drama,2012,3
Blackfish,Documentary,2013,4
Escape Plan,Action|Mystery|Thriller,2013,3
13 Hours,Drama,2016,3
Jason Bourne,Action,2016,2
Possession,Drama|Romance,2002,3
Life of David Gale,Crime|Drama|Thriller,2003,3
Cypher,Action|Sci-Fi|Thriller,2002,4
Chloe,Drama|Thriller,2009,3
Lucky Number Slevin,Crime|Drama|Mystery,2006,2
Hitchhiker's Guide to the Galaxy,Adventure|Comedy|Sci-Fi,2005,2
Identity,Crime|Horror|Mystery|Thriller,2003,3
Batman Begins,Action|Crime|IMAX,2005,3.5
Only God Forgives,Drama|Thriller,2013,3
Heat,Action|Comedy|Crime,2013,3
Napoleon Dynamite,Comedy,2004,3.5
Fahrenheit 9/11,Documentary,2004,1.5
Insomnia,Action|Crime|Drama|Mystery|Thriller,2002,4
AVP: Alien vs. Predator,Action|Horror|Sci-Fi|Thriller,2004,1.5
Cube Zero,Horror|Mystery|Sci-Fi|Thriller,2004,2.5
Hobbit: An Unexpected Journey,Adventure|Fantasy|IMAX,2012,2
Enron: The Smartest Guys in the Room,Documentary,2005,4
Lords of Dogtown,Action|Comedy|Drama,2005,2.5
Devil's Rejects,Action|Crime|Horror,2005,3
Aeon Flux,Action|Sci-Fi,2005,2
Corpse Bride,Animation|Comedy|Fantasy|Musical|Romance,2005,3
Da Vinci Code,Drama|Mystery|Thriller,2006,3.5
Dumplings (Gaau ji),Drama|Horror|Thriller,2004,3.5
Proposition,Crime|Drama|Western,2005,2
Memoirs of a Geisha,Drama|Romance,2005,3
Heaven,Drama,2002,3
District 13 (Banlieue 13),Action|Crime|Sci-Fi,2004,2.5
White Oleander,Drama,2002,4
Russian Ark (Russkiy Kovcheg),Drama|Fantasy|War,2002,3
A.I. Artificial Intelligence,Adventure|Drama|Sci-Fi,2001,3.5
Illusionist,Drama|Fantasy|Mystery|Romance,2006,3
Others,Drama|Horror|Mystery|Thriller,2001,3
Saw,Horror|Mystery|Thriller,2004,2.5
Charlie and the Chocolate Factory,Adventure|Children|Comedy|Fantasy|IMAX,2005,2
Once,Drama|Musical|Romance,2006,3.5
Shaun of the Dead,Comedy|Horror,2004,1
Up in the Air,Drama|Romance,2009,2.5
Love,Drama|Sci-Fi,2011,1
V for Vendetta,Action|Sci-Fi|Thriller|IMAX,2006,3.5
Children of Men,Action|Adventure|Drama|Sci-Fi|Thriller,2006,4
Last King of Scotland,Drama|Thriller,2006,4
Dreamers,Drama,2003,3
Unthinkable,Drama|Thriller,2010,2
God Bless America,Comedy|Drama,2011,4
Sweeney,Action|Crime,2012,2
Bronson,Action|Comedy|Drama|Thriller,2009,3
Batman Begins,Action|Crime|IMAX,2005,3.5
Trance,Crime|Thriller,2013,3
Fountain,Drama|Fantasy|Romance,2006,3.5
X2: X-Men United,Action|Adventure|Sci-Fi|Thriller,2003,4
Lost in Translation,Comedy|Drama|Romance,2003,4.5
Tropic Thunder,Action|Adventure|Comedy|War,2008,2
Intolerable Cruelty,Comedy|Romance,2003,3
Girl with a Pearl Earring,Drama|Romance,2003,3
Drive,Crime|Drama|Film-Noir|Thriller,2011,4
Bourne Supremacy,Action|Crime|Thriller,2004,3
(500) Days of Summer,Comedy|Drama|Romance,2009,2.5
Avatar,Action|Adventure|Sci-Fi|IMAX,2009,3.5
House of Flying Daggers (Shi mian mai fu),Action|Drama|Romance,2004,2.5
Mulholland Drive,Crime|Drama|Film-Noir|Mystery|Thriller,2001,4
Tale of Tales,Fantasy,2015,3
History of Violence,Action|Crime|Drama|Thriller,2005,3
Deepwater Horizon,Drama,2016,3
Kosmos,Drama,2010,4
V for Vendetta,Action|Sci-Fi|Thriller|IMAX,2006,5
Ghost in the Shell,Action|Drama|Sci-Fi,2017,4
Amelie (Fabuleux destin d'Amélie Poulain,Comedy|Romance,2001,4.5
Secret Window,Mystery|Thriller,2004,2
9,Adventure|Animation|Sci-Fi,2009,2
Men Who Stare at Goats,Action|Comedy|Drama,2009,1
Jennifer's Body,Comedy|Horror|Sci-Fi|Thriller,2009,2
Food,Documentary,2008,3
Paranormal Activity,Horror|Thriller,2009,2
Lovely Bones,Crime|Drama|Fantasy|Horror|Thriller,2009,1.5
Fish Tank,Drama,2009,4
Iron Man 2,Action|Adventure|Sci-Fi|Thriller|IMAX,2010,3
Nightmare on Elm Street,Fantasy|Horror|Thriller,2010,2
Work of Director Michel Gondry,Comedy|Documentary,2003,2.5
Wild Hunt,Drama|Thriller,2009,4
Enter the Void,Drama,2009,3
Let Me In,Drama|Horror|Mystery,2010,4
Monsters,Drama|Sci-Fi,2010,2.5
Paranormal Activity 2,Horror|IMAX,2010,1
Rare Exports: A Christmas Tale (Rare Exports),Action|Comedy,2010,1
Poetry (Shi),Drama,2010,4
Amelie (Fabuleux destin d'Amélie Poulain,Comedy|Romance,2001,3.5
Pianist,Drama|War,2002,3
The Machinist,Drama|Mystery|Thriller,2004,3.5
Great Beauty,Comedy|Drama,2013,5
Alan Partridge: Alpha Papa,Comedy,2013,4
Primer,Drama|Sci-Fi,2004,4.5
All or Nothing,Drama,2002,4
Ultraviolet,Action|Fantasy|Sci-Fi|Thriller,2006,0.5
Elle,Thriller,2016,4
Roger Dodger,Comedy|Drama,2002,3
National Treasure,Action|Adventure|Drama|Mystery|Thriller,2004,2
Moonlight,Drama,2016,4
Borat: Cultural Learnings of America for Make Benefit Glorious Nation of Kazakhstan,Comedy,2006,4
TT3D: Closer to the Edge,Documentary,2011,4
Hotel Rwanda,Drama|War,2004,3
Something in the Air (Après Mai),Action|Drama,2012,4
Zodiac,Crime|Drama|Thriller,2007,3
Pan's Labyrinth (Laberinto del fauno,Drama|Fantasy|Thriller,2006,4
Taken,Action|Crime|Drama|Thriller,2008,3
Departed,Crime|Drama|Thriller,2006,3.5
Girl with the Dragon Tattoo,Crime|Drama|Mystery|Thriller,2009,4
District 9,Mystery|Sci-Fi|Thriller,2009,3
Fantastic Mr. Fox,Adventure|Animation|Children|Comedy|Crime,2009,4
Shutter Island,Drama|Mystery|Thriller,2010,4
Evangelion: 2.0 You Can (Not) Advance (Evangerion shin gekijôban: Ha),Action|Animation|Drama|Sci-Fi,2009,4.5
Zack and Miri Make a Porno,Comedy|Drama|Romance,2008,2.5
Pianist,Drama|War,2002,2
Baby Driver,Action|Crime|Thriller,2017,3
Garden State,Comedy|Drama|Romance,2004,3
Star Wars: The Last Jedi,Action|Adventure|Fantasy|Sci-Fi,2017,3
Envy (Kiskanmak),Drama,2009,3
Matrix Reloaded,Action|Adventure|Sci-Fi|Thriller|IMAX,2003,2.5
Adaptation,Comedy|Drama|Romance,2002,3.5
Bruce Almighty,Comedy|Drama|Fantasy|Romance,2003,2.5
Collateral,Action|Crime|Drama|Thriller,2004,4
Good bye,Comedy|Drama,2003,4
Ladykillers,Comedy|Crime,2004,3
Nightcrawler,Crime|Drama|Thriller,2014,4
The Witch,Horror,2015,3
Shaun of the Dead,Comedy|Horror,2004,4
Finding Nemo,Adventure|Animation|Children|Comedy,2003,5
28 Days Later,Action|Horror|Sci-Fi,2002,3.5
Waiting Room (Bekleme odasi),Drama,2004,3.5
Life Aquatic with Steve Zissou,Adventure|Comedy|Fantasy,2004,4
Mexican,Action|Comedy,2001,3
Howl's Moving Castle (Hauru no ugoku shiro),Adventure|Animation|Fantasy|Romance,2004,3.5
Saw,Horror|Mystery|Thriller,2004,2
The Machinist,Drama|Mystery|Thriller,2004,2.5
Brokeback Mountain,Drama|Romance,2005,4
Saw III,Crime|Horror|Thriller,2006,0.5
Waltz with Bashir (Vals im Bashir),Animation|Documentary|Drama|War,2008,4
Gran Torino,Crime|Drama,2008,3.5
Spirited Away (Sen to Chihiro no kamikakushi),Adventure|Animation|Fantasy,2001,1.5
Fury,Action|Drama|War,2014,3.5
Infidel,Comedy,2010,3.5
Kick-Ass,Action|Comedy,2010,4
Prestige,Drama|Mystery|Sci-Fi|Thriller,2006,4
Melancholia,Drama|Sci-Fi,2011,3.5
Jacket,Drama|Mystery|Sci-Fi|Thriller,2005,3.5
Blue Valentine,Drama|Romance,2010,5
Atlas Shrugged: Part 1,Drama|Mystery|Sci-Fi,2011,3.5
Broken Embraces (Los abrazos rotos),Drama|Romance|Thriller,2009,3.5
Penelope,Comedy|Fantasy|Romance,2006,2
Killing Salazar,Action,2016,2
Mean Girls,Comedy,2004,3
Your Name.,Animation|Drama|Fantasy|Romance,2016,3
Walk the Line,Drama|Musical|Romance,2005,3
Certain Women,Drama,2016,3
Avatar,Action|Adventure|Sci-Fi|IMAX,2009,2.5
Loving,Drama,2016,3
Una,Drama,2016,4
Old Boy,Mystery|Thriller,2003,3.5
Volver,Comedy|Drama,2006,3.5
Appleseed (Appurushîdo),Action|Animation|Fantasy|Sci-Fi,2004,3.5
Sin City,Action|Crime|Film-Noir|Mystery|Thriller,2005,2
Hitchhiker's Guide to the Galaxy,Adventure|Comedy|Sci-Fi,2005,2
Son,Drama,2002,3
Manchester by the Sea,Drama,2016,3
Easy A,Comedy|Romance,2010,2
Hidden Figures,Drama,2016,4
Apocalypto,Adventure|Drama|Thriller,2006,2.5
10,Adventure|Romance|Thriller,2008,3
Cold Mountain,Drama|Romance|War,2003,3.5
Counselor,Crime|Drama|Thriller,2013,2
Brothers Grimm,Comedy|Fantasy|Horror|Thriller,2005,3.5
Super 8,Mystery|Sci-Fi|Thriller|IMAX,2011,1.5
Source Code,Action|Drama|Mystery|Sci-Fi|Thriller,2011,4
Lost in Translation,Comedy|Drama|Romance,2003,5
Notebook,Drama|Romance,2004,1.5
No Country for Old Men,Crime|Drama,2007,3.5
Star Trek,Action|Adventure|Sci-Fi|IMAX,2009,3.5
There Will Be Blood,Drama|Western,2007,3
Munich,Action|Crime|Drama|Thriller,2005,3.5
Education,Drama|Romance,2009,4
Once Upon a Time in Anatolia (Bir zamanlar Anadolu'da),Drama,2011,4
Italian Job,Action|Crime,2003,3.5
Primer,Drama|Sci-Fi,2004,4
Three Billboards Outside Ebbing,Crime|Drama,2017,3
Sleep Tight (Mientras duermes),Horror|Thriller,2011,3
Tale of Two Sisters,Drama|Horror|Mystery|Thriller,2003,2
Incredibles,Action|Adventure|Animation|Children|Comedy,2004,4
Old Boy,Mystery|Thriller,2003,5
Snows of Kilimanjaro,Drama,2011,3.5
Ghost World,Comedy|Drama,2001,4
Hurt Locker,Action|Drama|Thriller|War,2008,4
Mulholland Drive,Crime|Drama|Film-Noir|Mystery|Thriller,2001,3
A.I. Artificial Intelligence,Adventure|Drama|Sci-Fi,2001,2
Ides of March,Drama,2011,3
Others,Drama|Horror|Mystery|Thriller,2001,3
Dogtown and Z-Boyz,Documentary,2001,3
About a Boy,Comedy|Drama|Romance,2002,3
Bowling for Columbine,Documentary,2002,4
Sherlock Holmes,Mystery|Sci-Fi,2010,1.5
Distant (Uzak),Drama,2002,4
In Fear,Thriller,2013,2
Manifesto,Drama,2015,4
Lost in La Mancha,Documentary,2002,3
Frantz,Drama,2016,4
Mr. & Mrs. Smith,Action|Adventure|Comedy|Romance,2005,3.5
All This Panic,Documentary,2016,4
Gerry,Adventure|Drama,2002,3
Calvary,Comedy|Drama,2014,3
Navigators,Comedy|Drama,2001,3
Return,Drama,2003,3.5
Two Faces of January,Thriller,2014,3
Good Thief,Crime|Drama,2002,2
Hidden (a.k.a. Cache) (Caché),Drama|Mystery|Thriller,2005,4
Martha Marcy May Marlene,Drama|Thriller,2011,3.5
Ghost Writer,Drama|Mystery|Thriller,2010,3.5
Separation,Drama,2011,3.5
Double,Comedy|Drama|Thriller,2013,3
Winter Sleep (Kis Uykusu),Drama,2014,3
Charlie and the Chocolate Factory,Adventure|Children|Comedy|Fantasy|IMAX,2005,4
Great Gatsby,Drama,2013,3
Hobbit: The Desolation of Smaug,Adventure|Fantasy|IMAX,2013,3
Hero (Ying xiong),Action|Adventure|Drama,2002,3.5
The Hunger Games,Action|Adventure|Drama|Sci-Fi|Thriller,2012,4
From Hell,Crime|Horror|Mystery|Thriller,2001,3
Bourne Legacy,Action|Adventure|Drama|Thriller|IMAX,2012,3
Adaptation,Comedy|Drama|Romance,2002,3
Pirates of the Caribbean: The Curse of the Black Pearl,Action|Adventure|Comedy|Fantasy,2003,4
Mission: Impossible - Ghost Protocol,Action|Adventure|Thriller|IMAX,2011,3
Skyfall,Action|Adventure|Thriller|IMAX,2012,3
Matchstick Men,Comedy|Crime|Drama,2003,4
Mood Indigo (L'écume des jours),Drama|Fantasy,2013,3
Corporation,Documentary,2003,3
Pieta,Drama,2013,2.5
Before Sunset,Drama|Romance,2004,4
Closer,Drama|Romance,2004,4
Kill Bill: Vol. 1,Action|Crime|Thriller,2003,4.5
Night Watch (Nochnoy dozor),Action|Fantasy|Horror|Mystery|Sci-Fi|Thriller,2004,2
Looper,Action|Crime|Sci-Fi,2012,4
I Heart Huckabees,Comedy,2004,4.5
Babadook,Drama|Horror|Thriller,2014,3
Dancer Upstairs,Crime|Drama|Thriller,2002,3
Skin I Live In,Drama,2011,4
Shape of Things,Drama,2003,3
Sunshine,Adventure|Drama|Sci-Fi|Thriller,2007,3
And Your Mother Too (Y tu mamá también),Drama|Romance,2001,4.5
Batman Begins,Action|Crime|IMAX,2005,3.5
Wedding Crashers,Comedy|Romance,2005,3.5
Alien: Covenant,Action|Horror|Sci-Fi|Thriller,2017,3
Lord of War,Action|Crime|Drama|Thriller|War,2005,4
Free Fire,Action|Crime|Drama,2017,3
Jarhead,Action|Drama|War,2005,3
The Stopover,Drama,2016,4
300,Action|Fantasy|War|IMAX,2007,3
You Were Never Really Here,Drama,2017,3
In-Laws,Comedy,2003,2
Three Marias,Drama,2002,4
Fulltime Killer (Chuen jik sat sau),Action|Thriller,2001,3
Buffalo Soldiers,Comedy|Crime|Drama|War,2001,4
Brokeback Mountain,Drama|Romance,2005,3
Magdalene Sisters,Drama,2002,3
Once Upon a Time in the Midlands,Drama,2002,2
To Be and to Have (Être et avoir),Documentary,2002,4
Sylvia,Drama|Romance,2003,4
Eye,Thriller,2002,3
Girl with the Dragon Tattoo,Drama|Thriller,2011,2.5
I Am Legend,Action|Horror|Sci-Fi|Thriller|IMAX,2007,3
Bonaerense,Action|Drama,2002,3
Life Aquatic with Steve Zissou,Adventure|Comedy|Fantasy,2004,4.5
Zero Dark Thirty,Action|Drama|Thriller,2012,4
Animatrix,Action|Animation|Drama|Sci-Fi,2003,3
Kung Fu Hustle (Gong fu),Action|Comedy,2004,3
Sin City,Action|Crime|Film-Noir|Mystery|Thriller,2005,5
Million Dollar Baby,Drama,2004,3
The Atticus Institute,Horror,2015,2.5
Matrix Revolutions,Action|Adventure|Sci-Fi|Thriller|IMAX,2003,2.5
Me and You and Everyone We Know,Comedy|Drama,2005,4
Master and Commander: The Far Side of the World,Adventure|Drama|War,2003,4.5
Last Samurai,Action|Adventure|Drama|War,2003,3.5
Big Fish,Drama|Fantasy|Romance,2003,3.5
Lord of the Rings: The Return of the King,Action|Adventure|Drama|Fantasy,2003,5
Eternal Sunshine of the Spotless Mind,Drama|Romance|Sci-Fi,2004,5
Hellboy,Action|Adventure|Fantasy|Horror,2004,4
Kill Bill: Vol. 2,Action|Drama|Thriller,2004,4.5
Shrek 2,Adventure|Animation|Children|Comedy|Musical|Romance,2004,3.5
Napoleon Dynamite,Comedy,2004,4
Super Size Me,Comedy|Documentary|Drama,2004,4
Fahrenheit 9/11,Documentary,2004,4.5
Spider-Man 2,Action|Adventure|Sci-Fi|IMAX,2004,4.5
Bourne Supremacy,Action|Crime|Thriller,2004,4
Scanner Darkly,Animation|Drama|Mystery|Sci-Fi|Thriller,2006,3
Shaun of the Dead,Comedy|Horror,2004,4.5
Corpse Bride,Animation|Comedy|Fantasy|Musical|Romance,2005,3
Incredibles,Action|Adventure|Animation|Children|Comedy,2004,4.5
Paprika (Papurika),Animation|Mystery|Sci-Fi,2006,3.5
Broken Flowers,Comedy|Drama,2005,4
In America,Drama|Romance,2002,3
Force Majeure,Comedy|Drama,2014,4
Transformers,Action|Sci-Fi|Thriller|IMAX,2007,1
Knocked Up,Comedy|Drama|Romance,2007,2
Beyond the Black Rainbow,Mystery|Sci-Fi,2010,4.5
Monster,Crime|Drama,2003,3
Counterfeiters,Crime|Drama|War,2007,3
Orphanage,Drama|Horror|Mystery|Thriller,2007,2
Sin City,Action|Crime|Film-Noir|Mystery|Thriller,2005,4
Antichrist,Drama|Fantasy,2009,4
My Only Sunshine,Drama,2009,5
Inside,(no genres listed),2012,3.5
Majority,Drama,2010,3.5
Vavien,(no genres listed),2009,3.5
Hitchhiker's Guide to the Galaxy,Adventure|Comedy|Sci-Fi,2005,3
March of the Penguins (Marche de l'empereur,Documentary,2005,3
Hustle & Flow,Crime|Drama,2005,4
Osama,Drama,2003,3
Thirteen,Drama,2003,4
Waltz with Bashir (Vals im Bashir),Animation|Documentary|Drama|War,2008,5
Quantum of Solace,Action|Adventure|Thriller,2008,3
Wrestler,Drama,2008,4
Adventureland,Comedy|Drama,2009,4
Mother!,Drama|Horror|Mystery|Thriller,2017,4
Moon,Drama|Mystery|Sci-Fi|Thriller,2009,4
A.I. Artificial Intelligence,Adventure|Drama|Sci-Fi,2001,3
Bowling for Columbine,Documentary,2002,2
Juno,Comedy|Drama|Romance,2007,2
Solaris,Drama|Romance|Sci-Fi,2002,2
Holy Motors,Drama|Fantasy|Musical|Mystery|Sci-Fi,2012,4
Jug Face,Horror,2013,4
Percy Jackson: Sea of Monsters,Adventure|Children|Fantasy,2013,1
Riddick,Action|Sci-Fi|Thriller|IMAX,2013,2.5
Metallica: Through the Never,Action|Musical|IMAX,2013,4
Nymphomaniac: Volume I,Drama,2013,4.5
Nymphomaniac: Volume II,Drama|Mystery,2013,4.5
Star Trek,Action|Adventure|Sci-Fi|IMAX,2009,3
One Hour Photo,Drama|Thriller,2002,3.5
Hangover,Comedy|Crime,2009,2
Garden State,Comedy|Drama|Romance,2004,3
Broken Wings (Knafayim Shvurot),Drama,2002,4
The Villainess,Action|Drama,2017,3
Hitchhiker's Guide to the Galaxy,Adventure|Comedy|Sci-Fi,2005,3.5
Match Point,Crime|Drama|Romance,2005,3
Star Wars: Episode III - Revenge of the Sith,Action|Adventure|Sci-Fi,2005,3.5
Lady Vengeance (Sympathy for Lady Vengeance) (Chinjeolhan geumjassi),Crime|Drama|Mystery|Thriller,2005,4
Batman Begins,Action|Crime|IMAX,2005,4
Half Nelson,Drama,2006,3
Wedding Crashers,Comedy|Romance,2005,3.5
Host,Comedy|Drama|Horror|Sci-Fi|Thriller,2006,3
History of Violence,Action|Crime|Drama|Thriller,2005,5
I'm a Cyborg,Comedy|Drama|Romance|Sci-Fi,2006,1
Kiss Kiss Bang Bang,Comedy|Crime|Mystery|Thriller,2005,4
Darjeeling Limited,Adventure|Comedy|Drama,2007,3
V for Vendetta,Action|Sci-Fi|Thriller|IMAX,2006,4
Star Wars: Episode III - Revenge of the Sith,Action|Adventure|Sci-Fi,2005,3
Vicky Cristina Barcelona,Comedy|Drama|Romance,2008,4
The Florida Project,Drama,2017,3
The Machinist,Drama|Mystery|Thriller,2004,2
Hurt Locker,Action|Drama|Thriller|War,2008,4
Public Enemies,Crime|Drama|Thriller,2009,4
Downfall (Untergang,Drama|War,2004,4.5
The Killing of a Sacred Deer,Drama|Horror|Mystery|Thriller,2017,3
Thank You for Smoking,Comedy|Drama,2006,2.5
Synecdoche,Comedy|Drama,2008,1
Wilbur Wants to Kill Himself,Comedy|Drama|Romance,2002,3
Batman Begins,Action|Crime|IMAX,2005,4
Pan's Labyrinth (Laberinto del fauno,Drama|Fantasy|Thriller,2006,4.5
Prestige,Drama|Mystery|Sci-Fi|Thriller,2006,4.5
Blood Diamond,Action|Adventure|Crime|Drama|Thriller|War,2006,3
Letters from Iwo Jima,Drama|War,2006,4.5
Hot Fuzz,Action|Comedy|Crime|Mystery,2007,3
Into the Wild,Action|Adventure|Drama,2007,1.5
No Country for Old Men,Crime|Drama,2007,4
Children of Men,Action|Adventure|Drama|Sci-Fi|Thriller,2006,5
Bourne Ultimatum,Action|Crime|Thriller,2007,4
American Gangster,Crime|Drama|Thriller,2007,4
Noi the Albino (Nói albinói),Drama,2003,3
Lucky,Drama,2017,3
Montparnasse Bienvenüe,(no genres listed),2017,4
Up in the Air,Drama|Romance,2009,3
Whatever Works,Comedy|Romance,2009,4
True Grit,Western,2010,4
I'm Not Scared (Io non ho paura),Drama|Mystery|Thriller,2003,4
Juno,Comedy|Drama|Romance,2007,4.5
Land of the Dead,Action|Horror|Thriller,2005,3
Since Otar Left (Depuis qu'Otar est parti...),Drama,2003,4
The Artist,Comedy|Drama|Romance,2011,3
The Death of Stalin,Comedy,2017,4
Tyrannosaur,Drama,2011,4
Valentin (Valentín),Drama,2002,3
Lord of War,Action|Crime|Drama|Thriller|War,2005,3
History of Violence,Action|Crime|Drama|Thriller,2005,4
Kiss Kiss Bang Bang,Comedy|Crime|Mystery|Thriller,2005,3
Jarhead,Action|Drama|War,2005,3
Amelie (Fabuleux destin d'Amélie Poulain,Comedy|Romance,2001,4.5
Wit,Drama,2001,4
Loving Vincent,Animation|Crime|Drama,2017,4
Inheritance,Drama,2003,3
Pianist,Drama|War,2002,5
Act of Killing,Documentary,2012,5
V for Vendetta,Action|Sci-Fi|Thriller|IMAX,2006,5
Dear Frankie,Drama|Romance,2004,3
Inside Man,Crime|Drama|Thriller,2006,3
Disco Pigs,Drama,2001,2
To End All Wars,Action|Drama|War,2001,2
Blue Planet II,Documentary,2017,5
Children of Men,Action|Adventure|Drama|Sci-Fi|Thriller,2006,4
Vera Drake,Drama,2004,3
Garden State,Comedy|Drama|Romance,2004,4
Stella Street,Comedy,2004,2
The Shape of Water,Adventure|Drama|Fantasy,2017,3
Undertow,Crime|Drama|Thriller,2004,3
The Disaster Artist,Comedy|Drama,2017,4
Before Midnight,Drama|Romance,2013,4
Shooter,Action|Drama|Thriller,2007,3
Bourne Ultimatum,Action|Crime|Thriller,2007,4
Enduring Love,Drama,2004,4
Our Music (Notre musique),Drama,2004,3
Late Night Shopping,Comedy,2001,3
Motorcycle Diaries,Adventure|Drama,2004,4
Juno,Comedy|Drama|Romance,2007,4
Blue Jasmine,Drama,2013,3
Amelie (Fabuleux destin d'Amélie Poulain,Comedy|Romance,2001,4
Sicilian Ghost Story,Drama|Mystery,2017,4
Sideways,Comedy|Drama|Romance,2004,5
Phantom Thread,Drama|Romance,2017,4
Ginger Snaps: Unleashed,Horror|Thriller,2004,2
Kingdom of Us,Documentary,2017,4
Intimate Strangers (Confidences trop intimes),Drama,2004,4
One Hour Photo,Drama|Thriller,2002,3
Downfall (Untergang,Drama|War,2004,4.5
Boyhood,Drama,2014,4
Millions,Children|Comedy|Crime|Drama|Fantasy,2004,2
Citizenfour,Documentary,2014,5
In Time,Crime|Sci-Fi|Thriller,2011,1
Doctor Strange,Action|Adventure|Sci-Fi,2016,3
X-Men: Apocalypse,Action|Adventure|Fantasy|Sci-Fi,2016,2
Pianist,Drama|War,2002,3
Garden State,Comedy|Drama|Romance,2004,4
Journeyman,Drama,2018,4
Isle of Dogs,Animation|Comedy,2018,4
A Quiet Place,Drama|Horror|Thriller,2018,3
The Escape,Drama,2018,4
Mission: Impossible - Fallout,Action|Adventure|Thriller,2018,3
The Hateful Eight,Western,2015,3
Story of the Weeping Camel,Documentary|Drama,2003,3
Little Miss Sunshine,Adventure|Comedy|Drama,2006,4.5
Mean Creek,Drama|Thriller,2004,4
Yes Men,Documentary,2003,3
In My Father's Den,Drama,2004,3
Tae Guk Gi: The Brotherhood of War (Taegukgi hwinalrimyeo),Action|Drama|War,2004,3
Riding Giants,Documentary,2004,3
Wonder Woman,Action|Adventure|Fantasy,2017,3
3-Iron (Bin-jip),Drama|Romance,2004,3
Motorcycle Diaries,Adventure|Drama,2004,4
Sideways,Comedy|Drama|Romance,2004,4
The Machinist,Drama|Mystery|Thriller,2004,4
La La Land,Comedy|Drama|Romance,2016,3
In Good Company,Comedy|Drama,2004,3
Rogue One: A Star Wars Story,Action|Adventure|Fantasy|Sci-Fi,2016,4
Layer Cake,Crime|Drama|Thriller,2004,3
Stranger than Fiction,Comedy|Drama|Fantasy|Romance,2006,4
Get Out,Horror,2017,4
Pan's Labyrinth (Laberinto del fauno,Drama|Fantasy|Thriller,2006,5
Crank,Action|Thriller,2006,2
Departed,Crime|Drama|Thriller,2006,5
Little Children,Drama|Romance,2006,4
Prestige,Drama|Mystery|Sci-Fi|Thriller,2006,4
Casino Royale,Action|Adventure|Thriller,2006,4
Blood Diamond,Action|Adventure|Crime|Drama|Thriller|War,2006,3.5
Kissing Jessica Stein,Comedy|Romance,2001,3
Hotel Rwanda,Drama|War,2004,4
Assassination of Richard Nixon,Crime|Drama|Thriller,2004,4
Woodsman,Drama,2004,4
Once Upon a Time in Mexico,Action|Adventure|Crime|Thriller,2003,3
Downfall (Untergang,Drama|War,2004,5
Knight's Tale,Action|Comedy|Romance,2001,2
Thank You for Smoking,Comedy|Drama,2006,3
Tsotsi,Crime|Drama,2005,3
Little Miss Sunshine,Adventure|Comedy|Drama,2006,3
Pan's Labyrinth (Laberinto del fauno,Drama|Fantasy|Thriller,2006,4
Departed,Crime|Drama|Thriller,2006,4
Little Children,Drama|Romance,2006,4
Prestige,Drama|Mystery|Sci-Fi|Thriller,2006,4
Casino Royale,Action|Adventure|Thriller,2006,3
Blood Diamond,Action|Adventure|Crime|Drama|Thriller|War,2006,4
Merchant of Venice,Drama,2004,4
Kamikaze Girls (Shimotsuma monogatari),Comedy,2004,1
Letters from Iwo Jima,Drama|War,2006,3
Simone (S1m0ne),Comedy|Drama|Fantasy|Sci-Fi,2002,2
Talk to Her (Hable con Ella),Drama|Romance,2002,4
Stander,Action|Crime|Drama,2003,4
Open Range,Western,2003,2
Duplex,Comedy|Crime,2003,2
Paycheck,Action|Sci-Fi|Thriller,2003,2
Hot Fuzz,Action|Comedy|Crime|Mystery,2007,3
This Is England,Drama,2006,5
Imaginary Heroes,Comedy|Drama,2004,4
3:10 to Yuma,Action|Crime|Drama|Western,2007,4
Life and Death of Peter Sellers,Comedy|Drama,2004,3
Eastern Promises,Crime|Drama|Thriller,2007,4
Rory O'Shea Was Here (Inside I'm Dancing),Drama,2004,3
No Country for Old Men,Crime|Drama,2007,4
Control (Kontroll),Comedy|Crime|Drama|Mystery,2003,2
There Will Be Blood,Drama|Western,2007,4
5x2,Drama|Romance,2004,4
In the Bedroom,Drama,2001,4
Brothers (Brødre),Drama,2004,4
Munich,Action|Crime|Drama|Thriller,2005,4
Palindromes,Adventure|Comedy|Drama,2004,3
Somersault,Drama,2004,4
It's All Gone Pete Tong,Comedy|Drama|Musical,2004,4
My Summer of Love,Drama|Romance,2004,4
Yes,Drama,2004,4
Edukators,Comedy|Crime|Drama|Romance,2004,4
Junebug,Comedy|Drama,2005,4
The Great Raid,Action|Drama|War,2005,3
Unfinished Life,Drama,2005,2
Green Street Hooligans (a.k.a. Hooligans),Crime|Drama,2005,3
Oliver Twist,Drama,2005,4
Greatest Game Ever Played,Drama,2005,3
Factotum,Drama,2005,4
Where the Truth Lies,Drama|Thriller,2005,3
Weather Man,Comedy|Drama,2005,3
Manderlay,Drama,2005,4
Dead Man's Shoes,Crime|Thriller,2004,5
C.R.A.Z.Y.,Drama,2005,3
Paradise Now,Crime|Drama|Thriller|War,2005,4
Matador,Comedy|Drama|Thriller,2005,3
Three Burials of Melquiades Estrada,Adventure|Crime|Drama,2006,4
Hero (Ying xiong),Action|Adventure|Drama,2002,2
Birthday Girl,Drama|Romance,2001,3
Fast and the Furious,Action|Crime|Thriller,2001,2.5
Atlantis: The Lost Empire,Adventure|Animation|Children|Fantasy,2001,2
Borat: Cultural Learnings of America for Make Benefit Glorious Nation of Kazakhstan,Comedy,2006,4.5
Hours,Drama|Romance,2002,3
Hero (Ying xiong),Action|Adventure|Drama,2002,4.5
Talk to Her (Hable con Ella),Drama|Romance,2002,4
Constant Gardener,Drama|Thriller,2005,5
Doubt,Drama|Mystery,2008,4
Cold Mountain,Drama|Romance|War,2003,4.5
Whale Rider,Drama,2002,5
Man Who Wasn't There,Crime|Drama,2001,3
Panic Room,Thriller,2002,2.5
Secretary,Comedy|Drama|Romance,2002,3
8 Mile,Drama,2002,1
Letters from Iwo Jima,Drama|War,2006,4.5
Lara Croft: Tomb Raider,Action|Adventure,2001,1
Valentine,Horror|Mystery,2001,2
Hot Fuzz,Action|Comedy|Crime|Mystery,2007,4.5
2046,Drama|Fantasy|Romance|Sci-Fi,2004,3.5
Corpse Bride,Animation|Comedy|Fantasy|Musical|Romance,2005,3
Forsaken,Horror,2001,3
Before Sunset,Drama|Romance,2004,2.5
Marie Antoinette,Drama|Romance,2006,4.5
Queen of the Damned,Fantasy|Horror,2002,2
Spider,Drama|Mystery,2002,3
Kingdom of Heaven,Action|Drama|Romance|War,2005,2.5
Libertine,Drama,2004,3
Harry Potter and the Sorcerer's Stone (a.k.a. Harry Potter and the Philosopher's Stone),Adventure|Children|Fantasy,2001,4
House of Sand and Fog,Drama,2003,2.5
Lord of the Rings: The Fellowship of the Ring,Adventure|Fantasy,2001,5
Ghost World,Comedy|Drama,2001,2
Elling,Comedy|Drama,2001,3
Capturing the Friedmans,Documentary,2003,5
Beautiful Mind,Drama|Romance,2001,4
Showtime,Action|Comedy,2002,3
21 Grams,Crime|Drama|Mystery|Romance|Thriller,2003,4.5
Death to Smoochy,Comedy|Crime|Drama,2002,2
Love Actually,Comedy|Drama|Romance,2003,3.5
Star Wars: Episode II - Attack of the Clones,Action|Adventure|Sci-Fi|IMAX,2002,4
Very Long Engagement,Drama|Mystery|Romance|War,2004,2.5
Enough,Drama|Thriller,2002,3
Harry Potter and the Chamber of Secrets,Adventure|Fantasy,2002,4
Mulholland Drive,Crime|Drama|Film-Noir|Mystery|Thriller,2001,4
From Hell,Crime|Horror|Mystery|Thriller,2001,3
Made,Comedy,2001,2
Mothman Prophecies,Drama|Fantasy|Horror|Mystery|Thriller,2002,2
Lilya 4-Ever (Lilja 4-ever),Crime|Drama,2002,3
Punch-Drunk Love,Comedy|Drama|Romance,2002,3
Everything Is Illuminated,Comedy|Drama,2005,4
Adaptation,Comedy|Drama|Romance,2002,4
Superbad,Comedy,2007,4.5
Snow Cake,Drama,2006,4.5
Lost in Translation,Comedy|Drama|Romance,2003,5
Swimming Pool,Drama|Mystery|Thriller,2003,3
Jurassic Park III,Action|Adventure|Sci-Fi|Thriller,2001,3
Walk the Line,Drama|Musical|Romance,2005,4
Planet of the Apes,Action|Adventure|Drama|Sci-Fi,2001,3
And Your Mother Too (Y tu mamá también),Drama|Romance,2001,1.5
Possession,Drama|Romance,2002,2
House of Flying Daggers (Shi mian mai fu),Action|Drama|Romance,2004,4
Lord of the Rings: The Two Towers,Adventure|Fantasy,2002,5
In Bruges,Comedy|Crime|Drama|Thriller,2008,4
Matrix Reloaded,Action|Adventure|Sci-Fi|Thriller|IMAX,2003,1.5
Finding Nemo,Adventure|Animation|Children|Comedy,2003,4.5
Matrix Revolutions,Action|Adventure|Sci-Fi|Thriller|IMAX,2003,1
Soul Survivors (a.k.a. The Killer Cut),Horror|Thriller,2001,1.5
Lord of the Rings: The Return of the King,Action|Adventure|Drama|Fantasy,2003,5
Ghost World,Comedy|Drama,2001,4.5
Eternal Sunshine of the Spotless Mind,Drama|Romance|Sci-Fi,2004,5
Mulholland Drive,Crime|Drama|Film-Noir|Mystery|Thriller,2001,5
Star Wars: Episode III - Revenge of the Sith,Action|Adventure|Sci-Fi,2005,4.5
Punch-Drunk Love,Comedy|Drama|Romance,2002,4.5
Island,Action|Sci-Fi|Thriller,2005,3.5
Charlotte Gray,Drama|Romance,2001,4
V for Vendetta,Action|Sci-Fi|Thriller|IMAX,2006,4
Sex and Lucia (Lucía y el sexo),Drama|Romance,2001,3
Juno,Comedy|Drama|Romance,2007,5
24 Hour Party People,Comedy|Drama|Musical,2002,2
3:10 to Yuma,Action|Crime|Drama|Western,2007,4
Amelie (Fabuleux destin d'Amélie Poulain,Comedy|Romance,2001,5
Eastern Promises,Crime|Drama|Thriller,2007,4.5
Garden State,Comedy|Drama|Romance,2004,4
Edge of Heaven,Drama,2007,5
No Country for Old Men,Crime|Drama,2007,5
Sylvia,Drama|Romance,2003,4
Adaptation,Comedy|Drama|Romance,2002,4.5
There Will Be Blood,Drama|Western,2007,5
Little Miss Sunshine,Adventure|Comedy|Drama,2006,5
28 Days Later,Action|Horror|Sci-Fi,2002,4.5
My Blueberry Nights,Drama|Romance,2007,4.5
Little Children,Drama|Romance,2006,4.5
American Splendor,Comedy|Drama,2003,4.5
Into the Wild,Action|Adventure|Drama,2007,4.5
War of the Worlds,Action|Adventure|Sci-Fi|Thriller,2005,4
There Will Be Blood,Drama|Western,2007,4.5
Elling,Comedy|Drama,2001,2.5
In the Bedroom,Drama,2001,4.5
Zoolander,Comedy,2001,4
Munich,Action|Crime|Drama|Thriller,2005,4
Secretary,Comedy|Drama|Romance,2002,4.5
Secret Things (Choses secrètes),Drama,2002,3.5
Red Dragon,Crime|Mystery|Thriller,2002,3.5
Dark Knight,Action|Crime|Drama|IMAX,2008,4.5
Enron: The Smartest Guys in the Room,Documentary,2005,4.5
Harry Potter and the Prisoner of Azkaban,Adventure|Fantasy|IMAX,2004,5
The Queen,Drama,2006,4.5
Harry Potter and the Goblet of Fire,Adventure|Fantasy|Thriller|IMAX,2005,4.5
Milk,Drama,2008,4.5
Lives of Others,Drama|Romance|Thriller,2006,5
Harry Potter and the Order of the Phoenix,Adventure|Drama|Fantasy|IMAX,2007,4.5
Others,Drama|Horror|Mystery|Thriller,2001,4
Lost in Translation,Comedy|Drama|Romance,2003,5
Wind That Shakes the Barley,Drama|War,2006,4.5
Planet Terror,Action|Horror|Sci-Fi,2007,4
Watchmen,Action|Drama|Mystery|Sci-Fi|Thriller|IMAX,2009,3.5
Dogtown and Z-Boyz,Documentary,2001,4
War of the Worlds,Action|Adventure|Sci-Fi|Thriller,2005,3
Before Sunset,Drama|Romance,2004,5
Spirited Away (Sen to Chihiro no kamikakushi),Adventure|Animation|Fantasy,2001,5
Burn After Reading,Comedy|Crime|Drama,2008,4.5
School of Rock,Comedy|Musical,2003,4
40-Year-Old Virgin,Comedy|Romance,2005,4.5
Ratatouille,Animation|Children|Drama,2007,5
Dark Knight,Action|Crime|Drama|IMAX,2008,5
Iron Man,Action|Adventure|Sci-Fi,2008,4
Kung Fu Panda,Action|Animation|Children|Comedy|IMAX,2008,4
WALL·E,Adventure|Animation|Children|Romance|Sci-Fi,2008,5
Slumdog Millionaire,Crime|Drama|Romance,2008,4
About a Boy,Comedy|Drama|Romance,2002,4
Bowling for Columbine,Documentary,2002,5
Bend It Like Beckham,Comedy|Drama|Romance,2002,3.5
Charlie and the Chocolate Factory,Adventure|Children|Comedy|Fantasy|IMAX,2005,3.5
Million Dollar Baby,Drama,2004,5
Gosford Park,Comedy|Drama|Mystery,2001,5
Pirates of the Caribbean: Dead Man's Chest,Action|Adventure|Fantasy,2006,3
Once,Drama|Musical|Romance,2006,4.5
Man on Wire,Documentary,2008,4.5
Wrestler,Drama,2008,5
Chicago,Comedy|Crime|Drama|Musical,2002,4.5
Knight's Tale,Action|Comedy|Romance,2001,2.5
Mystic River,Crime|Drama|Mystery,2003,4.5
Brokeback Mountain,Drama|Romance,2005,5
Seabiscuit,Drama,2003,3.5
Fog of War: Eleven Lessons from the Life of Robert S. McNamara,Documentary|War,2003,5
Harry Potter and the Prisoner of Azkaban,Adventure|Fantasy|IMAX,2004,4.5
Finding Neverland,Drama,2004,3.5
Aviator,Drama,2004,4.5
Constant Gardener,Drama|Thriller,2005,4.5
Harry Potter and the Goblet of Fire,Adventure|Fantasy|Thriller|IMAX,2005,4
Quantum of Solace,Action|Adventure|Thriller,2008,0.5
Chronicles of Narnia: The Lion,Adventure|Children|Fantasy,2005,3.5
I Am Sam,Drama,2001,4.5
Lives of Others,Drama|Romance|Thriller,2006,5
21 Grams,Crime|Drama|Mystery|Romance|Thriller,2003,5
Last King of Scotland,Drama|Thriller,2006,4
Zodiac,Crime|Drama|Thriller,2007,4.5
Volver,Comedy|Drama,2006,4
Babel,Drama|Thriller,2006,5
Girl with a Pearl Earring,Drama|Romance,2003,3.5
Good bye,Comedy|Drama,2003,4.5
Match Point,Crime|Drama|Romance,2005,3.5
Vicky Cristina Barcelona,Comedy|Drama|Romance,2008,5
